Year,State,Money spent on C and J (Billion),Population,Revenue,Money spent by tax payers
2020,Alabama,49124208.561903,5294868.312395811,490839589.33171844,963.2248265311364
2021,Alabama,50329208.20200014,5344434.019396871,501004186.2403412,982.7084554597068
2022,Alabama,51534207.84209728,5393999.726397932,511168783.1489639,1002.1920843882754
2023,Alabama,52739207.48219395,5443565.433398992,521333380.05758286,1021.6757133168339
2024,Alabama,53944207.12229109,5493131.140400052,531497976.9662056,1041.1593422454025
2025,Alabama,55149206.76238823,5542696.847401112,541662573.8748283,1060.642971173973
2026,Alabama,56354206.402484894,5592262.554402173,551827170.7834511,1080.1266001025315
2027,Alabama,57559206.042582035,5641828.261403233,561991767.6920738,1099.6102290311
2028,Alabama,58764205.68267918,5691393.968404293,572156364.6006966,1119.0938579596686
2029,Alabama,59969205.32277584,5740959.675405353,582320961.5093193,1138.5774868882281
2030,Alabama,61174204.96287298,5790525.382406414,592485558.417942,1158.0611158167967
2031,Alabama,62379204.60297012,5840091.089407474,602650155.3265648,1177.5447447453662
2032,Alabama,63584204.24306679,5889656.796408534,612814752.2351875,1197.0283736739248
2033,Alabama,64789203.88316393,5939222.503409594,622979349.1438103,1216.5120026024942
2034,Alabama,65994203.52326107,5988788.210410669,633143946.052433,1235.99563153106
2035,Alabama,67199203.16335773,6038353.91741173,643308542.9610558,1255.4792604596187
2036,Alabama,68404202.80345488,6087919.62441279,653473139.8696785,1274.9628893881873
2037,Alabama,69609202.44355202,6137485.33141385,663637736.7783012,1294.4465183167567
2038,Alabama,70814202.08364868,6187051.03841491,673802333.686924,1313.9301472453144
2039,Alabama,72019201.72374582,6236616.745415971,683966930.5955467,1333.4137761738857
2040,Alabama,73224201.36384296,6286182.452417031,694131527.5041656,1352.8974051024534
2020,Alaska,16270781.235793352,599142.8120169714,127119544.62797451,2277.385182937446
2021,Alaska,16627632.19048345,593313.5444764365,129486145.62812614,2323.8979903860863
2022,Alaska,16984483.14517355,587484.2769358996,131852746.62827778,2370.4107978347274
2023,Alaska,17341334.09986365,581655.0093953628,134219347.6284294,2416.9236052833685
2024,Alaska,17698185.054553747,575825.741854826,136585948.6285801,2463.4364127320096
2025,Alaska,18055036.009243846,569996.4743142892,138952549.62873173,2509.9492201806497
2026,Alaska,18411886.963933945,564167.2067737542,141319150.62888336,2556.462027629289
2027,Alaska,18768737.918624043,558337.9392332174,143685751.629035,2602.974835077931
2028,Alaska,19125588.873314142,552508.6716926806,146052352.62918663,2649.487642526571
2029,Alaska,19482439.82800424,546679.4041521437,148418953.62933826,2696.0004499752113
2030,Alaska,19839290.78269434,540850.1366116069,150785554.6294899,2742.5132574238532
2031,Alaska,20196141.73738444,535020.869071072,153152155.62964153,2789.0260648724925
2032,Alaska,20552992.692074537,529191.6015305351,155518756.62979317,2835.5388723211336
2033,Alaska,20909843.646764636,523362.3339899983,157885357.6299448,2882.0516797697746
2034,Alaska,21266694.601454735,517533.0664494615,160251958.63009548,2928.564487218415
2035,Alaska,21623545.556144834,511703.7989089247,162618559.63024712,2975.077294667056
2036,Alaska,21980396.510834932,505874.5313683897,164985160.63039875,3021.590102115697
2037,Alaska,22337247.46552503,500045.2638278529,167351761.63055038,3068.102909564336
2038,Alaska,22694098.42021525,494215.9962873161,169718362.63070202,3114.615717012992
2039,Alaska,23050949.374905348,488386.72874677926,172084963.63085365,3161.128524461633
2040,Alaska,23407800.329595447,482557.46120624244,174451564.6310053,3207.641331910273
2020,Arizona,105214924.60221195,7650554.093726307,763073795.2720108,1552.528657385501
2021,Arizona,108074501.3335352,7782305.595317453,781319752.9928818,1587.0351783554179
2022,Arizona,110934078.06485844,7914057.096908599,799565710.7137451,1621.5416993253239
2023,Arizona,113793654.79618073,8045808.598499775,817811668.4346161,1656.0482202952371
2024,Arizona,116653231.52750397,8177560.100090921,836057626.1554794,1690.554741265143
2025,Arizona,119512808.25882721,8309311.601682067,854303583.8763504,1725.0612622350563
2026,Arizona,122372384.9901495,8441063.103273213,872549541.5972137,1759.5677832049623
2027,Arizona,125231961.72147274,8572814.604864359,890795499.3180771,1794.074304174872
2028,Arizona,128091538.45279598,8704566.106455505,909041457.038948,1828.5808251447816
2029,Arizona,130951115.18411827,8836317.60804665,927287414.7598114,1863.087346114684
2030,Arizona,133810691.91544151,8968069.109637797,945533372.4806824,1897.5938670845972
2031,Arizona,136670268.64676476,9099820.611228973,963779330.2015457,1932.1003880545177
2032,Arizona,139529845.37808704,9231572.112820119,982025287.9224167,1966.60690902442
2033,Arizona,142389422.1094103,9363323.614411265,1000271245.64328,2001.1134299943296
2034,Arizona,145248998.84073353,9495075.11600241,1018517203.364151,2035.6199509642393
2035,Arizona,148108575.57205582,9626826.617593557,1036763161.0850143,2070.126471934149
2036,Arizona,150968152.30337906,9758578.119184703,1055009118.8058853,2104.632992904055
2037,Arizona,153827729.0347023,9890329.620775849,1073255076.5267487,2139.139513873968
2038,Arizona,156687305.7660246,10022081.122366995,1091501034.247612,2173.646034843874
2039,Arizona,159546882.49734783,10153832.62395814,1109746991.968483,2208.1525558137837
2040,Arizona,162406459.22867107,10285584.125549287,1127992949.6893463,2242.6590767836933
2020,Arkansas,26626527.720109105,1463986.7914456725,243342995.15078068,1098.0079401511448
2021,Arkansas,27008879.9287771,1367056.0562964082,245208721.0183363,1123.3706109892512
2022,Arkansas,27391232.137445092,1270125.3211471438,247074446.8858919,1148.7332818273571
2023,Arkansas,27773584.346113086,1173194.5859978795,248940172.75344753,1174.0959526654633
2024,Arkansas,28155936.55478108,1076263.8508486152,250805898.62100315,1199.4586235035695
2025,Arkansas,28538288.763449073,979333.1156993508,252671624.48855925,1224.8212943416756
2026,Arkansas,28920640.972116947,882402.3805500865,254537350.35611486,1250.1839651797773
2027,Arkansas,29302993.18078494,785471.6454007924,256403076.22367048,1275.5466360178875
2028,Arkansas,29685345.389452934,688540.910251528,258268802.0912261,1300.9093068559937
2029,Arkansas,30067697.598120928,591610.1751022637,260134527.95878172,1326.2719776940994
2030,Arkansas,30450049.80678892,494679.43995299935,262000253.82633734,1351.6346485322056
2031,Arkansas,30832402.015456915,397748.704803735,263865979.69389296,1376.997319370312
2032,Arkansas,31214754.22412491,300817.9696544707,265731705.56144905,1402.3599902084184
2033,Arkansas,31597106.432792902,203887.23450520635,267597431.42900467,1427.7226610465245
2034,Arkansas,31979458.641460896,106956.49935594201,269463157.2965603,1453.0853318846302
2035,Arkansas,32361810.85012877,10025.764206677675,271328883.1641159,1478.4480027227323
2036,Arkansas,32744163.058796763,-86904.97094258666,273194609.0316715,1503.8106735608385
2037,Arkansas,33126515.267464757,-183835.706091851,275060334.89922714,1529.1733443989447
2038,Arkansas,33508867.47613275,-280766.44124111533,276926060.76678324,1554.5360152370506
2039,Arkansas,33891219.684800744,-377697.17639037967,278791786.63433886,1579.8986860751568
2040,Arkansas,34273571.89346874,-474627.911539644,280657512.5018945,1605.261356913263
2020,California,850907959.103653,42888974.38286102,6369166892.710999,2198.673231219611
2021,California,872768682.338234,43401800.10459912,6517286702.53064,2249.4340016989445
2022,California,894629405.572815,43914625.82633734,6665406512.350342,2300.1947721782744
2023,California,916490128.8073959,44427451.54807544,6813526322.169983,2350.9555426576044
2024,California,938350852.0419769,44940277.26981366,6961646131.989685,2401.716313136938
2025,California,960211575.2765579,45453102.99155176,7109765941.809326,2452.477083616268
2026,California,982072298.5111389,45965928.71328986,7257885751.629028,2503.2378540955997
2027,California,1003933021.7457199,46478754.435028076,7406005561.448669,2553.9986245749296
2028,California,1025793744.9803009,46991580.156766176,7554125371.268372,2604.7593950542614
2029,California,1047654468.2148819,47504405.87850428,7702245181.088013,2655.520165533593
2030,California,1069515191.4494629,48017231.600242496,7850364990.907715,2706.280936012923
2031,California,1091375914.684044,48530057.321980596,7998484800.727356,2757.0417064922567
2032,California,1113236637.9186249,49042883.043718696,8146604610.547058,2807.802476971585
2033,California,1135097361.1532059,49555708.765456915,8294724420.366699,2858.5632474509166
2034,California,1156958084.3877869,50068534.487195015,8442844230.18634,2909.32401793025
2035,California,1178818807.6223679,50581360.208933115,8590964040.006042,2960.08478840958
2036,California,1200679530.8569489,51094185.930671334,8739083849.825684,3010.84555888891
2037,California,1222540254.0915298,51607011.652409434,8887203659.645386,3061.606329368242
2038,California,1244400977.3261108,52119837.374147534,9035323469.465027,3112.3670998475736
2039,California,1266261700.5606918,52632663.09588575,9183443279.284729,3163.1278703269054
2040,California,1288122423.7952728,53145488.81762385,9331563089.10437,3213.8886408062353
2020,Colorado,77741239.43021679,5824615.949802995,786929849.219574,1456.8042642703513
2021,Colorado,79742149.71965456,5904480.073041379,805628981.663887,1488.0781058317734
2022,Colorado,81743060.00909233,5984344.196279734,824328114.1081924,1519.3519473932174
2023,Colorado,83743970.2985301,6064208.319518119,843027246.5525055,1550.6257889546323
2024,Colorado,85744880.58796787,6144072.442756474,861726378.9968109,1581.8996305160617
2025,Colorado,87745790.87740564,6223936.565994859,880425511.441124,1613.1734720775057
2026,Colorado,89746701.16684341,6303800.689233214,899124643.885437,1644.4473136389352
2027,Colorado,91747611.45628119,6383664.812471598,917823776.3297424,1675.7211552003573
2028,Colorado,93748521.74571896,6463528.935709953,936522908.7740555,1706.994996761794
2029,Colorado,95749432.03515673,6543393.058948338,955222041.2183609,1738.2688383232162
2030,Colorado,97750342.3245945,6623257.182186693,973921173.662674,1769.5426798846456
2031,Colorado,99751252.61403227,6703121.305425078,992620306.1069794,1800.8165214460823
2032,Colorado,101752162.90347004,6782985.428663433,1011319438.5512924,1832.090363007519
2033,Colorado,103753073.19290781,6862849.551901817,1030018570.9956055,1863.3642045689412
2034,Colorado,105753983.48234558,6942713.675140172,1048717703.4399109,1894.6380461303706
2035,Colorado,107754893.77178335,7022577.798378557,1067416835.8842239,1925.9118876918
2036,Colorado,109755804.06122112,7102441.921616912,1086115968.3285294,1957.1857292532295
2037,Colorado,111756714.3506589,7182306.044855297,1104815100.7728424,1988.459570814659
2038,Colorado,113757624.64009714,7262170.1680936515,1123514233.2171478,2019.7334123761102
2039,Colorado,115758534.92953491,7342034.291332036,1142213365.6614609,2051.007253937525
2040,Colorado,117759445.21897268,7421898.414570391,1160912498.1057663,2082.2810954989545
2020,Connecticut,56772511.89195347,3862710.1610092446,814650738.7482986,1568.7621809482475
2021,Connecticut,58103517.75268984,3890259.5911880583,832151094.8628616,1603.2698532586783
2022,Connecticut,59434523.61342621,3917809.021366872,849651450.9774246,1637.777525569109
2023,Connecticut,60765529.474163055,3945358.451545693,867151807.0919876,1672.2851978795516
2024,Connecticut,62096535.334899426,3972907.8817245066,884652163.2065506,1706.7928701899823
2025,Connecticut,63427541.195635796,4000457.3119033203,902152519.3211136,1741.3005425004126
2026,Connecticut,64758547.056372166,4028006.742082134,919652875.4356766,1775.8082148108433
2027,Connecticut,66089552.917108536,4055556.1722609475,937153231.5502319,1810.315887121274
2028,Connecticut,67420558.77784538,4083105.602439761,954653587.6647949,1844.823559431717
2029,Connecticut,68751564.63858175,4110655.0326185822,972153943.7793579,1879.3312317421473
2030,Connecticut,70082570.49931812,4138204.462797396,989654299.8939209,1913.8389040525776
2031,Connecticut,71413576.3600545,4165753.8929762095,1007154656.0084839,1948.3465763630088
2032,Connecticut,72744582.22079086,4193303.323155023,1024655012.1230469,1982.854248673439
2033,Connecticut,74075588.08152771,4220852.753333837,1042155368.2376099,2017.3619209838826
2034,Connecticut,75406593.94226408,4248402.183512658,1059655724.3521729,2051.869593294313
2035,Connecticut,76737599.80300045,4275951.6136914715,1077156080.4667358,2086.377265604743
2036,Connecticut,78068605.66373682,4303501.043870285,1094656436.5812988,2120.8849379151734
2037,Connecticut,79399611.52447367,4331050.474049099,1112156792.6958618,2155.3926102256164
2038,Connecticut,80730617.38521004,4358599.904227912,1129657148.8104248,2189.900282536047
2039,Connecticut,82061623.2459464,4386149.334406726,1147157504.9249878,2224.4079548464774
2040,Connecticut,83392629.10668278,4413698.764585547,1164657861.0395508,2258.9156271569077
2020,Delaware,15501262.263221622,1001357.1103197448,132200841.03652096,1655.9253421920512
2021,Delaware,15887953.174723387,1012331.0968328528,134959323.3823309,1691.6975415625384
2022,Delaware,16274644.086225152,1023305.0833459608,137717805.72814083,1727.4697409330292
2023,Delaware,16661334.997726917,1034279.0698590688,140476288.07395077,1763.2419403035128
2024,Delaware,17048025.909228683,1045253.0563721769,143234770.4197607,1799.0141396740073
2025,Delaware,17434716.82073033,1056227.0428852849,145993252.76557064,1834.78633904448
2026,Delaware,17821407.732232094,1067201.029398393,148751735.11138058,1870.5585384149636
2027,Delaware,18208098.64373386,1078175.015911501,151510217.4571905,1906.3307377854544
2028,Delaware,18594789.555235624,1089149.002424609,154268699.80300045,1942.1029371559416
2029,Delaware,18981480.46673739,1100122.988937717,157027182.1488104,1977.8751365264288
2030,Delaware,19368171.378239036,1111096.975450825,159785664.49462032,2013.6473358969051
2031,Delaware,19754862.2897408,1122070.961963933,162544146.84043026,2049.4195352673923
2032,Delaware,20141553.201242566,1133044.948477041,165302629.1862402,2085.191734637883
2033,Delaware,20528244.11274433,1144018.934990149,168061111.53205013,2120.963934008367
2034,Delaware,20914935.024246097,1154992.921503257,170819593.87786102,2156.7361333788576
2035,Delaware,21301625.935747743,1165966.908016365,173578076.22367096,2192.5083327493303
2036,Delaware,21688316.847249508,1176940.894529473,176336558.5694809,2228.2805321198175
2037,Delaware,22075007.758751273,1187914.881042581,179095040.91529083,2264.0527314903084
2038,Delaware,22461698.67025304,1198888.867555689,181853523.26110077,2299.824930860792
2039,Delaware,22848389.581754804,1209862.854068797,184612005.6069107,2335.597130231279
2040,Delaware,23235080.49325657,1220836.840581905,187370487.95272064,2371.3693296017664
2020,District of Columbia,20772404.90983486,-103471.21753296256,192459974.99621105,3607.4025703045063
2021,District of Columbia,21096794.968934655,-155449.49931807816,195674655.25079536,3676.209409612049
2022,District of Columbia,21421185.028034568,-207427.78110319376,198889335.50537968,3745.01624891961
2023,District of Columbia,21745575.08713436,-259406.06288830936,202104015.75996304,3813.823088227151
2024,District of Columbia,22069965.146234274,-311384.34467343986,205318696.01454735,3882.629927534719
2025,District of Columbia,22394355.205334067,-363362.62645855546,208533376.26913166,3951.436766842262
2026,District of Columbia,22718745.26443398,-415340.90824367106,211748056.52371597,4020.243606149821
2027,District of Columbia,23043135.323533893,-467319.19002878666,214962736.77829933,4089.05044545738
2028,District of Columbia,23367525.382633686,-519297.47181391716,218177417.03288364,4157.85728476493
2029,District of Columbia,23691915.4417336,-571275.7535990328,221392097.28746796,4226.664124072489
2030,District of Columbia,24016305.500833392,-623254.0353841484,224606777.54205132,4295.47096338003
2031,District of Columbia,24340695.559933305,-675232.317169264,227821457.79663563,4364.277802687593
2032,District of Columbia,24665085.619033217,-727210.5989543796,231036138.05121994,4433.084641995152
2033,District of Columbia,24989475.67813301,-779188.8807395101,234250818.3058033,4501.8914813027
2034,District of Columbia,25313865.737232924,-831167.1625246257,237465498.5603876,4570.698320610261
2035,District of Columbia,25638255.796332717,-883145.4443097413,240680178.81497192,4639.5051599178005
2036,District of Columbia,25962645.85543263,-935123.7260948569,243894859.06955624,4708.311999225363
2037,District of Columbia,26287035.914532542,-987102.0078799874,247109539.3241396,4777.1188385329315
2038,District of Columbia,26611425.973632336,-1039080.289665103,250324219.5787239,4845.925677840472
2039,District of Columbia,26935816.03273225,-1091058.5714502186,253538899.83330822,4914.732517148033
2040,District of Columbia,27260206.09183204,-1143036.8532353342,256753580.08789158,4983.539356455574
2020,Florida,301308236.0963783,22589017.17195785,2615043904.3794403,1507.8652729837704
2021,Florida,309084770.41975975,22940817.91638887,2676198530.080307,1540.2858071746596
2022,Florida,316861304.7431431,23292618.660819888,2737353155.7811737,1572.7063413655596
2023,Florida,324637839.0665245,23644419.405250788,2798507781.4820404,1605.1268755564452
2024,Florida,332414373.38990784,23996220.149681807,2859662407.182907,1637.5474097473452
2025,Florida,340190907.71328926,24348020.894112825,2920817032.8837585,1669.9679439382307
2026,Florida,347967442.0366726,24699821.638543725,2981971658.5846252,1702.3884781291272
2027,Florida,355743976.360054,25051622.382974744,3043126284.285492,1734.8090123200163
2028,Florida,363520510.68343735,25403423.127405643,3104280909.9863586,1767.2295465109164
2029,Florida,371297045.0068188,25755223.871836662,3165435535.6872253,1799.650080701802
2030,Florida,379073579.3302002,26107024.61626768,3226590161.388077,1832.070614892691
2031,Florida,386850113.6535835,26458825.36069858,3287744787.0889435,1864.4911490835912
2032,Florida,394626647.97696495,26810626.1051296,3348899412.78981,1896.9116832744767
2033,Florida,402403182.3003483,27162426.84956062,3410054038.490677,1929.3322174653767
2034,Florida,410179716.6237297,27514227.593991518,3471208664.1915436,1961.752751656266
2035,Florida,417956250.94711304,27866028.338422537,3532363289.8924103,1994.173285847166
2036,Florida,425732785.27049446,28217829.082853436,3593517915.5932617,2026.5938200380515
2037,Florida,433509319.5938778,28569629.827284455,3654672541.2941284,2059.014354228948
2038,Florida,441285853.9172592,28921430.571715474,3715827166.994995,2091.434888419837
2039,Florida,449062388.24064255,29273231.316146374,3776981792.695862,2123.8554226107335
2040,Florida,456838922.564024,29625032.060577393,3838136418.3967285,2156.2759568016227
2020,Hawaii,21226462.34277928,1484456.6799893938,208011103.95514488,1514.6775975490204
2021,Hawaii,21748192.908016443,1497136.5347022265,212459918.16942024,1548.3810924402133
2022,Hawaii,22269923.473253608,1509816.389415063,216908732.3836937,1582.0845873314047
2023,Hawaii,22791654.038490772,1522496.2441278994,221357546.59796906,1615.788082222597
2024,Hawaii,23313384.603727937,1535176.0988407359,225806360.81224442,1649.4915771137894
2025,Hawaii,23835115.168964982,1547855.9535535686,230255175.02651978,1683.1950720049736
2026,Hawaii,24356845.734202147,1560535.808266405,234703989.24079323,1716.898566896166
2027,Hawaii,24878576.29943931,1573215.6629792415,239152803.4550686,1750.6020617873578
2028,Hawaii,25400306.864676476,1585895.5176920742,243601617.66934395,1784.3055566785506
2029,Hawaii,25922037.42991364,1598575.3724049106,248050431.8836193,1818.0090515697425
2030,Hawaii,26443767.995150805,1611255.227117747,252499246.09789276,1851.7125464609353
2031,Hawaii,26965498.56038797,1623935.0818305798,256948060.31216812,1885.416041352128
2032,Hawaii,27487229.125625134,1636614.9365434162,261396874.52644348,1919.11953624332
2033,Hawaii,28008959.690862298,1649294.7912562527,265845688.74071884,1952.8230311345123
2034,Hawaii,28530690.256099463,1661974.6459690854,270294502.9549923,1986.5265260257052
2035,Hawaii,29052420.821336627,1674654.5006819218,274743317.16926765,2020.2300209168975
2036,Hawaii,29574151.38657379,1687334.3553947583,279192131.383543,2053.93351580809
2037,Hawaii,30095881.951810956,1700014.210107591,283640945.5978184,2087.637010699282
2038,Hawaii,30617612.51704812,1712694.0648204274,288089759.8120918,2121.3405055904745
2039,Hawaii,31139343.082285285,1725373.919533264,292538574.0263672,2155.0440004816664
2040,Hawaii,31661073.64752233,1738053.7742461003,296987388.24064255,2188.7474953728506
2020,Idaho,17139600.697075248,1038805.3507728502,139253644.49158955,1175.9487406006156
2021,Idaho,17488433.853614092,1008406.8288377076,140948734.65676594,1201.925080713867
2022,Idaho,17837267.010152936,978008.3069025651,142643824.8219428,1227.901420827111
2023,Idaho,18186100.1666919,947609.7849674225,144338914.9871192,1253.8777609403624
2024,Idaho,18534933.323230743,917211.2630322799,146034005.1522956,1279.8541010536137
2025,Idaho,18883766.479769588,886812.7410971373,147729095.31747246,1305.8304411668578
2026,Idaho,19232599.63630843,856414.2191619948,149424185.48264885,1331.8067812801055
2027,Idaho,19581432.792847395,826015.6972268522,151119275.64782524,1357.7831213933532
2028,Idaho,19930265.94938624,795617.175291717,152814365.8130021,1383.7594615066046
2029,Idaho,20279099.105925083,765218.6533565745,154509455.9781785,1409.735801619856
2030,Idaho,20627932.262463927,734820.1314214319,156204546.1433549,1435.7121417330964
2031,Idaho,20976765.41900277,704421.6094862893,157899636.30853176,1461.688481846344
2032,Idaho,21325598.575541735,674023.0875511467,159594726.47370815,1487.664821959599
2033,Idaho,21674431.73208058,643624.5656160042,161289816.63888454,1513.6411620728431
2034,Idaho,22023264.888619423,613226.0436808616,162984906.8040614,1539.6175021860909
2035,Idaho,22372098.045158267,582827.521745719,164679996.9692378,1565.5938422993422
2036,Idaho,22720931.20169711,552428.9998105839,166375087.1344142,1591.5701824125863
2037,Idaho,23069764.358236074,522030.4778754413,168070177.29959106,1617.5465225258413
2038,Idaho,23418597.51477492,491631.95594029874,169765267.46476746,1643.5228626390854
2039,Idaho,23767430.671313763,461233.43400515616,171460357.62994385,1669.499202752333
2040,Idaho,24116263.827852607,430834.9120700136,173155447.79512024,1695.4755428655808
2020,Illinois,196040066.67676926,13721887.264055163,2062077004.0915222,1512.8139579053454
2021,Illinois,200667585.99787712,13808827.769548416,2105322329.1407776,1546.647755016117
2022,Illinois,205295105.3189869,13895768.27504167,2148567654.1900177,1580.4815521269027
2023,Illinois,209922624.64009666,13982708.780534923,2191812979.239273,1614.3153492376882
2024,Illinois,214550143.96120453,14069649.286028206,2235058304.2885284,1648.1491463484595
2025,Illinois,219177663.2823143,14156589.79152146,2278303629.3377686,1681.9829434592455
2026,Illinois,223805182.60342407,14243530.297014713,2321548954.387024,1715.8167405700312
2027,Illinois,228432701.92453384,14330470.802507967,2364794279.4362793,1749.650537680817
2028,Illinois,233060221.2456417,14417411.30800122,2408039604.4855194,1783.484334791588
2029,Illinois,237687740.56675148,14504351.813494474,2451284929.534775,1817.3181319023738
2030,Illinois,242315259.88786125,14591292.318987727,2494530254.584015,1851.15192901316
2031,Illinois,246942779.20897102,14678232.82448098,2537775579.6332703,1884.9857261239458
2032,Illinois,251570298.5300789,14765173.329974234,2581020904.6825256,1918.819523234717
2033,Illinois,256197817.85118866,14852113.835467488,2624266229.7317657,1952.6533203455028
2034,Illinois,260825337.17229843,14939054.34096077,2667511554.781021,1986.4871174562884
2035,Illinois,265452856.4934063,15025994.846454024,2710756879.8302765,2020.3209145670598
2036,Illinois,270080375.81451607,15112935.351947278,2754002204.8795166,2054.1547116778456
2037,Illinois,274707895.13562584,15199875.857440531,2797247529.928772,2087.9885087886314
2038,Illinois,279335414.4567356,15286816.362933785,2840492854.9780273,2121.822305899417
2039,Illinois,283962933.7778435,15373756.868427038,2883738180.0272675,2155.6561030101884
2040,Illinois,288590453.09895325,15460697.373920292,2926983505.076523,2189.4899001209747
2020,Indiana,73121685.10380363,7050532.345696315,771353583.8763428,1105.5221208558905
2021,Indiana,74919446.12820101,7105884.364903778,786757747.3859673,1130.7380403600073
2022,Indiana,76717207.15259886,7161236.384111226,802161910.8955879,1155.953959864134
2023,Indiana,78514968.17699623,7216588.403318688,817566074.4052124,1181.1698793682508
2024,Indiana,80312729.20139408,7271940.422526136,832970237.9148331,1206.3857988723767
2025,Indiana,82110490.22579145,7327292.441733599,848374401.4244576,1231.6017183764934
2026,Indiana,83908251.2501893,7382644.4609410465,863778564.9340782,1256.8176378806183
2027,Indiana,85706012.27458668,7437996.480148509,879182728.4437027,1282.033557384735
2028,Indiana,87503773.29898453,7493348.499355957,894586891.9533272,1307.249476888861
2029,Indiana,89301534.32338238,7548700.51856342,909991055.4629478,1332.4653963929868
2030,Indiana,91099295.34777975,7604052.537770867,925395218.9725723,1357.6813158971036
2031,Indiana,92897056.3721776,7659404.55697833,940799382.482193,1382.8972354012303
2032,Indiana,94694817.39657497,7714756.576185793,956203545.9918175,1408.113154905347
2033,Indiana,96492578.42097282,7770108.59539324,971607709.5014381,1433.329074409473
2034,Indiana,98290339.4453702,7825460.614600703,987011873.0110626,1458.5449939135888
2035,Indiana,100088100.46976805,7880812.633808151,1002416036.5206833,1483.7609134177146
2036,Indiana,101885861.49416542,7936164.653015614,1017820200.0303078,1508.9768329218314
2037,Indiana,103683622.51856327,7991516.672223061,1033224363.5399284,1534.1927524259581
2038,Indiana,105481383.54296064,8046868.691430524,1048628527.0495529,1559.4086719300758
2039,Indiana,107279144.5673585,8102220.710637972,1064032690.5591736,1584.6245914342016
2040,Indiana,109076905.59175634,8157572.729845434,1079436854.068798,1609.8405109383266
2020,Iowa,32497564.024852276,3188402.9562433697,397668320.9577198,1049.867550236505
2021,Iowa,33201261.55478096,3202371.6466888934,405907152.59887886,1071.2248466783294
2022,Iowa,33904959.08470988,3216340.337134417,414145984.240036,1092.582143120163
2023,Iowa,34608656.61463857,3230309.027579937,422384815.88119316,1113.9394395619893
2024,Iowa,35312354.14456749,3244277.718025461,430623647.5223503,1135.2967360038228
2025,Iowa,36016051.674496174,3258246.408470981,438862479.16350937,1156.6540324456473
2026,Iowa,36719749.20442486,3272215.0989165045,447101310.8046665,1178.0113288874718
2027,Iowa,37423446.73435378,3286183.7893620245,455340142.44582367,1199.3686253293054
2028,Iowa,38127144.264282465,3300152.479807548,463578974.0869827,1220.7259217711307
2029,Iowa,38830841.79421139,3314121.170253068,471817805.7281399,1242.0832182129634
2030,Iowa,39534539.32414007,3328089.860698592,480056637.369297,1263.4405146547879
2031,Iowa,40238236.854068756,3342058.5511441156,488295469.0104561,1284.7978110966123
2032,Iowa,40941934.38399768,3356027.2415896356,496534300.65161324,1306.1551075384468
2033,Iowa,41645631.91392636,3369995.9320351593,504773132.2927704,1327.5124039802704
2034,Iowa,42349329.443855286,3383964.6224806793,513011963.93392944,1348.8697004221049
2035,Iowa,43053026.97378397,3397933.312926203,521250795.5750866,1370.2269968639284
2036,Iowa,43756724.503712654,3411902.003371723,529489627.21624374,1391.5842933057547
2037,Iowa,44460422.03364158,3425870.6938172467,537728458.8574028,1412.9415897475874
2038,Iowa,45164119.56357026,3439839.3842627667,545967290.49856,1434.2988861894119
2039,Iowa,45867817.093498945,3453808.0747082904,554206122.1397171,1455.6561826312382
2040,Iowa,46571514.62342787,3467776.765153814,562444953.7808743,1477.0134790730717
2020,Kansas,33337153.35656905,2909014.7952720113,386479887.1041069,1159.4025988772692
2021,Kansas,34105447.79512048,2918922.0029928796,394426473.7081375,1184.6771800245242
2022,Kansas,34873742.233671665,2928829.210713744,402373060.3121681,1209.9517611717692
2023,Kansas,35642036.67222309,2938736.4184346125,410319646.91619873,1235.2263423190243
2024,Kansas,36410331.11077428,2948643.6261554807,418266233.52022934,1260.5009234662693
2025,Kansas,37178625.549325705,2958550.8338763453,426212820.12425995,1285.7755046135235
2026,Kansas,37946919.98787689,2968458.0415972136,434159406.72829056,1311.0500857607694
2027,Kansas,38715214.42642808,2978365.249318078,442105993.3323231,1336.3246669080154
2028,Kansas,39483508.864979506,2988272.4570389464,450052579.9363537,1361.5992480552695
2029,Kansas,40251803.30353069,2998179.6647598147,457999166.5403843,1386.8738292025155
2030,Kansas,41020097.74208212,3008086.8724806793,465945753.1444149,1412.1484103497696
2031,Kansas,41788392.18063331,3017994.0802015476,473892339.7484455,1437.4229914970147
2032,Kansas,42556686.61918473,3027901.287922412,481838926.3524761,1462.6975726442706
2033,Kansas,43324981.05773592,3037808.4956432804,489785512.95650864,1487.9721537915157
2034,Kansas,44093275.496287346,3047715.7033641487,497732099.56053925,1513.2467349387707
2035,Kansas,44861569.93483853,3057622.9110850133,505678686.16456985,1538.5213160860158
2036,Kansas,45629864.37338996,3067530.1188058816,513625272.76860046,1563.79589723327
2037,Kansas,46398158.81194115,3077437.326526746,521571859.3726311,1589.0704783805159
2038,Kansas,47166453.250492334,3087344.5342476144,529518445.9766617,1614.345059527761
2039,Kansas,47934747.68904376,3097251.7419684827,537465032.5806942,1639.619640675016
2040,Kansas,48703042.12759495,3107158.9496893473,545411619.1847248,1664.894221822261
2020,Kentucky,49534535.53568745,4532363.554364301,463826235.0356102,1127.9440154944905
2021,Kentucky,50708747.53750563,4556395.401083499,473188240.6425209,1152.9852206951582
2022,Kentucky,51882959.53932428,4580427.247802697,482550246.2494316,1178.0264258958377
2023,Kentucky,53057171.54114246,4604459.094521895,491912251.8563423,1203.0676310965055
2024,Kentucky,54231383.54296112,4628490.9412411,501274257.463253,1228.108836297184
2025,Kentucky,55405595.54477978,4652522.787960298,510636263.0701599,1253.1500414978636
2026,Kentucky,56579807.54659796,4676554.634679496,519998268.6770706,1278.1912466985314
2027,Kentucky,57754019.548416615,4700586.481398702,529360274.2839813,1303.232451899211
2028,Kentucky,58928231.550234795,4724618.3281179,538722279.890892,1328.2736570998786
2029,Kentucky,60102443.55205345,4748650.1748370975,548084285.4978027,1353.3148623005582
2030,Kentucky,61276655.55387211,4772682.021556295,557446291.1047134,1378.3560675012372
2031,Kentucky,62450867.55569029,4796713.868275501,566808296.7116241,1403.397272701904
2032,Kentucky,63625079.557508945,4820745.714994699,576170302.318531,1428.4384779025836
2033,Kentucky,64799291.559327126,4844777.561713897,585532307.9254417,1453.4796831032509
2034,Kentucky,65973503.56114578,4868809.408433095,594894313.5323524,1478.5208883039309
2035,Kentucky,67147715.56296396,4892841.2551523,604256319.1392632,1503.5620935045972
2036,Kentucky,68321927.56478262,4916873.101871498,613618324.7461739,1528.6032987052772
2037,Kentucky,69496139.56660128,4940904.948590696,622980330.3530846,1553.6445039059568
2038,Kentucky,70670351.56841946,4964936.795309894,632342335.9599915,1578.685709106624
2039,Kentucky,71844563.57023811,4988968.642029099,641704341.5669022,1603.7269143073036
2040,Kentucky,73018775.5720563,5013000.488748297,651066347.1738129,1628.7681195079713
2020,Louisiana,79839483.25503874,4888626.464615852,534974761.3274727,1736.2748566345763
2021,Louisiana,81901208.51644182,4916962.042430669,546480800.1212273,1779.662497181238
2022,Louisiana,83962933.7778449,4945297.620245494,557986838.9149857,1823.0501377278997
2023,Louisiana,86024659.03924847,4973633.198060311,569492877.708744,1866.4377782745742
2024,Louisiana,88086384.30065155,5001968.775875129,580998916.5024986,1909.8254188212368
2025,Louisiana,90148109.56205463,5030304.353689954,592504955.296257,1953.2130593678994
2026,Louisiana,92209834.8234582,5058639.931504771,604010994.0900116,1996.600699914573
2027,Louisiana,94271560.08486128,5086975.509319596,615517032.88377,2039.9883404612356
2028,Louisiana,96333285.34626436,5115311.087134413,627023071.6775246,2083.3759810078964
2029,Louisiana,98395010.60766792,5143646.664949231,638529110.471283,2126.7636215545717
2030,Louisiana,100456735.869071,5171982.242764056,650035149.2650375,2170.1512621012334
2031,Louisiana,102518461.13047409,5200317.820578873,661541188.0587959,2213.538902647897
2032,Louisiana,104580186.39187765,5228653.398393698,673047226.8525505,2256.9265431945696
2033,Louisiana,106641911.65328074,5256988.976208515,684553265.6463089,2300.3141837412322
2034,Louisiana,108703636.91468382,5285324.554023333,696059304.4400635,2343.701824287895
2035,Louisiana,110765362.17608738,5313660.131838158,707565343.2338219,2387.0894648345693
2036,Louisiana,112827087.43749046,5341995.709652975,719071382.0275803,2430.47710538123
2037,Louisiana,114888812.69889355,5370331.2874678,730577420.8213348,2473.8647459278936
2038,Louisiana,116950537.96029711,5398666.8652826175,742083459.6150932,2517.252386474567
2039,Louisiana,119012263.22170019,5427002.443097435,753589498.4088478,2560.64002702123
2040,Louisiana,121073988.48310328,5455338.02091226,765095537.2026062,2604.0276675678924
2020,Maine,18224454.462797403,1149643.8239127174,160457698.13608074,1412.2936893582028
2021,Maine,18606114.562812567,1138454.80697833,163155383.39142323,1443.0837131320304
2022,Maine,18987774.66282773,1127265.7900439464,165853068.64676476,1473.8737369058563
2023,Maine,19369434.762842894,1116076.7731095627,168550753.90210629,1504.6637606796826
2024,Maine,19751094.862858057,1104887.756175179,171248439.15744781,1535.4537844535091
2025,Maine,20132754.96287322,1093698.7392407954,173946124.41278934,1566.2438082273352
2026,Maine,20514415.062888384,1082509.7223064117,176643809.66813183,1597.0338320011615
2027,Maine,20896075.162903547,1071320.705372028,179341494.92347336,1627.8238557749878
2028,Maine,21277735.26291871,1060131.6884376444,182039180.1788149,1658.613879548814
2029,Maine,21659395.362933874,1048942.6715032607,184736865.43415642,1689.4039033226402
2030,Maine,22041055.46294892,1037753.6545688771,187434550.68949795,1720.193927096457
2031,Maine,22422715.56296408,1026564.6376344934,190132235.94484043,1750.9839508702837
2032,Maine,22804375.662979245,1015375.620700106,192829921.20018196,1781.7739746441105
2033,Maine,23186035.76299441,1004186.6037657224,195527606.4555235,1812.5639984179368
2034,Maine,23567695.863009572,992997.5868313387,198225291.71086502,1843.3540221917633
2035,Maine,23949355.963024735,981808.569896955,200922976.96620655,1874.1440459655894
2036,Maine,24331016.0630399,970619.5529625714,203620662.22154903,1904.9340697394155
2037,Maine,24712676.163055062,959430.5360281877,206318347.47689056,1935.7240935132422
2038,Maine,25094336.263070226,948241.5190938041,209016032.7322321,1966.5141172870683
2039,Maine,25475996.36308539,937052.5021594204,211713717.98757362,1997.3041410608944
2040,Maine,25857656.463100553,925863.4852250367,214411403.24291515,2028.0941648347211
2020,Maryland,97095245.49174118,6181313.426769197,996840536.4449158,1637.8300723954108
2021,Maryland,99489748.44673443,6224592.247878462,1018566487.3465652,1675.0259378784594
2022,Maryland,101884251.40172768,6267871.068987727,1040292438.2482147,1712.2218033615063
2023,Maryland,104278754.35672092,6311149.890096977,1062018389.1498718,1749.417668844555
2024,Maryland,106673257.31171417,6354428.711206242,1083744340.0515213,1786.6135343276019
2025,Maryland,109067760.26670742,6397707.532315493,1105470290.9531708,1823.8093998106506
2026,Maryland,111462263.22170067,6440986.353424758,1127196241.8548203,1861.0052652936956
2027,Maryland,113856766.17669296,6484265.174534023,1148922192.7564774,1898.2011307767316
2028,Maryland,116251269.13168621,6527543.995643273,1170648143.6581268,1935.3969962597785
2029,Maryland,118645772.08667946,6570822.816752538,1192374094.5597763,1972.5928617428253
2030,Maryland,121040275.0416727,6614101.637861788,1214100045.4614334,2009.788727225874
2031,Maryland,123434777.99666595,6657380.458971053,1235825996.363083,2046.984592708921
2032,Maryland,125829280.9516592,6700659.280080318,1257551947.2647324,2084.180458191968
2033,Maryland,128223783.90665245,6743938.101189569,1279277898.1663895,2121.3763236750183
2034,Maryland,130618286.8616457,6787216.922298834,1301003849.068039,2158.5721891580633
2035,Maryland,133012789.81663895,6830495.743408084,1322729799.9696884,2195.768054641112
2036,Maryland,135407292.7716322,6873774.564517349,1344455750.871338,2232.963920124157
2037,Maryland,137801795.72662544,6917053.385626614,1366181701.772995,2270.159785607206
2038,Maryland,140196298.6816187,6960332.206735864,1387907652.6746445,2307.3556510902545
2039,Maryland,142590801.63661194,7003611.027845129,1409633603.576294,2344.5515165732995
2040,Maryland,144985304.5916052,7046889.84895438,1431359554.477951,2381.747382056348
2020,Massachusetts,90343525.53417158,6658465.346529778,1302105906.1979065,1354.30762059886
2021,Massachusetts,92173609.63782358,6671901.459728748,1329989009.6984406,1380.1627524252344
2022,Massachusetts,94003693.74147558,6685337.572927717,1357872113.1989746,1406.0178842516052
2023,Massachusetts,95833777.84512758,6698773.686126687,1385755216.699501,1431.8730160779833
2024,Massachusetts,97663861.94878006,6712209.799325656,1413638320.200035,1457.728147904365
2025,Massachusetts,99493946.05243206,6725645.912524626,1441521423.7005615,1483.5832797307376
2026,Massachusetts,101324030.15608406,6739082.025723595,1469404527.2010956,1509.4384115571138
2027,Massachusetts,103154114.25973606,6752518.138922565,1497287630.701622,1535.2935433834846
2028,Massachusetts,104984198.36338806,6765954.252121534,1525170734.202156,1561.1486752098608
2029,Massachusetts,106814282.46704006,6779390.365320504,1553053837.7026825,1587.0038070362352
2030,Massachusetts,108644366.57069206,6792826.478519473,1580936941.2032166,1612.8589388626078
2031,Massachusetts,110474450.67434454,6806262.591718443,1608820044.703743,1638.7140706889913
2032,Massachusetts,112304534.77799654,6819698.704917412,1636703148.204277,1664.569202515364
2033,Massachusetts,114134618.88164854,6833134.818116382,1664586251.7048035,1690.4243343417384
2034,Massachusetts,115964702.98530054,6846570.931315351,1692469355.2053375,1716.2794661681128
2035,Massachusetts,117794787.08895254,6860007.044514321,1720352458.705864,1742.1345979944854
2036,Massachusetts,119624871.19260454,6873443.15771329,1748235562.206398,1767.9897298208616
2037,Massachusetts,121454955.29625654,6886879.27091226,1776118665.7069244,1793.8448616472342
2038,Massachusetts,123285039.39990902,6900315.384111229,1804001769.2074585,1819.6999934736177
2039,Massachusetts,125115123.50356102,6913751.497310199,1831884872.707985,1845.5551252999921
2040,Massachusetts,126945207.60721302,6927187.610509168,1859767976.208519,1871.4102571263666
2020,Michigan,128069802.24276352,10599652.898583129,1224345537.2026062,1265.4715453695492
2021,Michigan,130629091.52901936,10653307.313797548,1245210437.1874466,1289.2557004953899
2022,Michigan,133188380.81527424,10706961.729011983,1266075337.1722946,1313.039855621221
2023,Michigan,135747670.10153008,10760616.144226402,1286940237.1571426,1336.8240107470617
2024,Michigan,138306959.3877859,10814270.559440836,1307805137.1419907,1360.6081658729017
2025,Michigan,140866248.6740408,10867924.974655256,1328670037.1268387,1384.3923209987333
2026,Michigan,143425537.96029663,10921579.38986969,1349534937.111679,1408.1764761245736
2027,Michigan,145984827.24655247,10975233.80508411,1370399837.096527,1431.9606312504138
2028,Michigan,148544116.53280735,11028888.220298544,1391264737.0813751,1455.7447863762454
2029,Michigan,151103405.8190632,11082542.635512963,1412129637.0662231,1479.5289415020857
2030,Michigan,153662695.10531807,11136197.050727382,1432994537.0510635,1503.3130966279173
2031,Michigan,156221984.3915739,11189851.465941817,1453859437.0359116,1527.097251753758
2032,Michigan,158781273.67782974,11243505.881156236,1474724337.0207596,1550.8814068795982
2033,Michigan,161340562.96408463,11297160.29637067,1495589237.0056076,1574.6655620054298
2034,Michigan,163899852.25034046,11350814.71158509,1516454136.990448,1598.44971713127
2035,Michigan,166459141.5365963,11404469.126799524,1537319036.975296,1622.2338722571103
2036,Michigan,169018430.82285118,11458123.542013943,1558183936.960144,1646.0180273829424
2037,Michigan,171577720.10910702,11511777.957228377,1579048836.944992,1669.8021825087822
2038,Michigan,174137009.39536285,11565432.372442797,1599913736.9298325,1693.5863376346229
2039,Michigan,176696298.68161774,11619086.787657231,1620778636.9146805,1717.370492760454
2040,Michigan,179255587.96787357,11672741.20287165,1641643536.8995285,1741.1546478862947
2020,Minnesota,77747730.71677542,5862459.484391585,895015172.7534485,1424.2273657019978
2021,Minnesota,79595226.5494771,5915668.633277774,915120563.7217789,1454.7779487328262
2022,Minnesota,81442722.38217926,5968877.782163978,935225954.6901016,1485.3285317636655
2023,Minnesota,83290218.21488094,6022086.9310501665,955331345.658432,1515.8791147944976
2024,Minnesota,85137714.0475831,6075296.079936355,975436736.6267624,1546.4296978253333
2025,Minnesota,86985209.88028479,6128505.228822559,995542127.5950928,1576.9802808561653
2026,Minnesota,88832705.71298695,6181714.377708748,1015647518.5634155,1607.5308638870047
2027,Minnesota,90680201.54568863,6234923.526594952,1035752909.5317459,1638.081446917833
2028,Minnesota,92527697.37839079,6288132.675481141,1055858300.5000763,1668.6320299486724
2029,Minnesota,94375193.21109247,6341341.8243673295,1075963691.4684067,1699.1826129795008
2030,Minnesota,96222689.04379463,6394550.973253533,1096069082.4367294,1729.7331960103365
2031,Minnesota,98070184.87649632,6447760.122139722,1116174473.4050598,1760.2837790411686
2032,Minnesota,99917680.70919847,6500969.271025926,1136279864.3733902,1790.8343620720116
2033,Minnesota,101765176.54190016,6554178.419912115,1156385255.3417206,1821.38494510284
2034,Minnesota,103612672.37460232,6607387.568798304,1176490646.3100433,1851.9355281336757
2035,Minnesota,105460168.207304,6660596.717684507,1196596037.2783737,1882.4861111645077
2036,Minnesota,107307664.04000616,6713805.866570696,1216701428.246704,1913.0366941953434
2037,Minnesota,109155159.87270784,6767015.0154569,1236806819.2150345,1943.5872772261719
2038,Minnesota,111002655.70541,6820224.164343089,1256912210.1833572,1974.1378602570112
2039,Minnesota,112850151.53811169,6873433.313229278,1277017601.1516876,2004.6884432878433
2040,Minnesota,114697647.37081385,6926642.4621154815,1297122992.120018,2035.2390263186826
2020,Mississippi,35212714.0475831,2931113.0681921504,275512157.14502335,1190.4764022486188
2021,Mississippi,36078330.05000758,2934404.735679649,280950196.99954605,1219.041858046792
2022,Mississippi,36943946.0524323,2937696.4031671463,286388236.85406876,1247.6073138449735
2023,Mississippi,37809562.05485678,2940988.0706546446,291826276.70859337,1276.172769643147
2024,Mississippi,38675178.057281494,2944279.738142143,297264316.5631161,1304.7382254413283
2025,Mississippi,39540794.05970597,2947571.4056296414,302702356.4176388,1333.3036812395017
2026,Mississippi,40406410.06213069,2950863.073117139,308140396.2721634,1361.8691370376828
2027,Mississippi,41272026.06455517,2954154.740604637,313578436.1266861,1390.4345928358562
2028,Mississippi,42137642.066979885,2957446.4080921356,319016475.9812107,1419.0000486340377
2029,Mississippi,43003258.0694046,2960738.075579633,324454515.8357334,1447.5655044322189
2030,Mississippi,43868874.07182908,2964029.7430671314,329892555.6902561,1476.1309602303922
2031,Mississippi,44734490.0742538,2967321.4105546298,335330595.54478073,1504.6964160285743
2032,Mississippi,45600106.076678276,2970613.078042128,340768635.39930344,1533.261871826747
2033,Mississippi,46465722.07910299,2973904.7455296256,346206675.25382614,1561.8273276249288
2034,Mississippi,47331338.08152747,2977196.413017124,351644715.10835075,1590.3927834231015
2035,Mississippi,48196954.08395219,2980488.0805046223,357082754.96287346,1618.9582392212833
2036,Mississippi,49062570.08637667,2983779.7479921198,362520794.8173981,1647.523695019457
2037,Mississippi,49928186.088801384,2987071.415479618,367958834.6719208,1676.0891508176378
2038,Mississippi,50793802.0912261,2990363.0829671165,373396874.5264435,1704.6546066158194
2039,Mississippi,51659418.09365058,2993654.750454615,378834914.3809681,1733.2200624139925
2040,Mississippi,52525034.0960753,2996946.4179421123,384272954.2354908,1761.7855182121739
2020,Missouri,67379129.41354752,6621513.883353531,714778549.7802696,1097.8406879983327
2021,Missouri,69001632.82315493,6681968.421995759,729455004.5461426,1121.840290360347
2022,Missouri,70624136.23276234,6742422.960637972,744131459.3120155,1145.8398927223625
2023,Missouri,72246639.64236975,6802877.4992801845,758807914.0778923,1169.8394950843776
2024,Missouri,73869143.05197763,6863332.037922412,773484368.8437653,1193.8390974464005
2025,Missouri,75491646.46158504,6923786.576564625,788160823.6096382,1217.8386998084156
2026,Missouri,77114149.87119246,6984241.115206853,802837278.3755112,1241.8383021704308
2027,Missouri,78736653.28079987,7044695.653849065,817513733.1413841,1265.837904532446
2028,Missouri,80359156.69040775,7105150.192491278,832190187.9072609,1289.8375068944692
2029,Missouri,81981660.10001516,7165604.731133506,846866642.6731339,1313.8371092564844
2030,Missouri,83604163.50962257,7226059.269775718,861543097.4390068,1337.8367116185
2031,Missouri,85226666.91922998,7286513.808417931,876219552.2048798,1361.8363139805156
2032,Missouri,86849170.3288374,7346968.347060159,890896006.9707527,1385.83591634253
2033,Missouri,88471673.73844528,7407422.885702372,905572461.7366257,1409.8355187045531
2034,Missouri,90094177.14805269,7467877.424344599,920248916.5025024,1433.8351210665683
2035,Missouri,91716680.5576601,7528331.962986812,934925371.2683754,1457.8347234285832
2036,Missouri,93339183.96726751,7588786.501629025,949601826.0342484,1481.8343257905988
2037,Missouri,94961687.3768754,7649241.040271252,964278280.8001213,1505.8339281526214
2038,Missouri,96584190.78648281,7709695.578913465,978954735.5659943,1529.8335305146368
2039,Missouri,98206694.19609022,7770150.117555693,993631190.3318672,1553.8331328766515
2040,Missouri,99829197.60569763,7830604.656197906,1008307645.097744,1577.8327352386668
2020,Montana,13506444.158205748,1011340.6247537509,116598446.73435402,1341.460695519943
2021,Montana,13843396.726776838,1015331.8413017131,119077826.1857853,1372.898779274313
2022,Montana,14180349.29534781,1019323.0578496745,121557205.63721752,1404.3368630286714
2023,Montana,14517301.863918781,1023314.2743976368,124036585.08864975,1435.7749467830292
2024,Montana,14854254.432489753,1027305.4909455981,126515964.54008198,1467.213030537387
2025,Montana,15191207.001060724,1031296.7074935604,128995343.9915142,1498.651114291745
2026,Montana,15528159.569631815,1035287.9240415217,131474723.44294548,1530.089198046115
2027,Montana,15865112.138202786,1039279.140589484,133954102.89437771,1561.527281800473
2028,Montana,16202064.706773758,1043270.3571374454,136433482.34580994,1592.9653655548311
2029,Montana,16539017.27534473,1047261.5736854076,138912861.79724216,1624.4034493091888
2030,Montana,16875969.8439157,1051252.790233369,141392241.2486744,1655.8415330635473
2031,Montana,17212922.41248679,1055244.0067813313,143871620.70010567,1687.2796168179166
2032,Montana,17549874.981057763,1059235.2233292926,146351000.1515379,1718.7177005722747
2033,Montana,17886827.549628735,1063226.439877255,148830379.60297012,1750.1557843266323
2034,Montana,18223780.118199706,1067217.6564252162,151309759.05440235,1781.593868080991
2035,Montana,18560732.686770678,1071208.8729731785,153789138.50583458,1813.0319518353485
2036,Montana,18897685.25534177,1075200.0895211399,156268517.95726585,1844.4700355897185
2037,Montana,19234637.82391274,1079191.3060691021,158747897.40869808,1875.9081193440763
2038,Montana,19571590.39248371,1083182.5226170635,161227276.8601303,1907.3462030984347
2039,Montana,19908542.961054683,1087173.7391650258,163706656.31156254,1938.7842868527925
2040,Montana,20245495.529625654,1091164.955712987,166186035.76299477,1970.2223706071504
2020,Nebraska,26541218.366419315,1983365.2865206823,259872249.58327103,1410.2521645866864
2021,Nebraska,27221344.1430521,1998164.632330656,265587077.58751297,1443.8035045618008
2022,Nebraska,27901469.919684887,2012963.978140626,271301905.5917568,1477.354844536917
2023,Nebraska,28581595.696317673,2027763.3239505962,277016733.59599876,1510.9061845120332
2024,Nebraska,29261721.47295046,2042562.66976057,282731561.6002426,1544.4575244871485
2025,Nebraska,29941847.249583244,2057362.01557054,288446389.60448456,1578.0088644622638
2026,Nebraska,30621973.02621627,2072161.36138051,294161217.6087284,1611.560204437391
2027,Nebraska,31302098.802849054,2086960.70719048,299876045.61297226,1645.111544412507
2028,Nebraska,31982224.57948184,2101760.053000454,305590873.6172142,1678.6628843876206
2029,Nebraska,32662350.356114626,2116559.398810424,311305701.62145805,1712.2142243627368
2030,Nebraska,33342476.13274741,2131358.744620394,317020529.6257,1745.765564337854
2031,Nebraska,34022601.9093802,2146158.0904303677,322735357.62994385,1779.3169043129683
2032,Nebraska,34702727.68601322,2160957.436240338,328450185.6341877,1812.8682442880936
2033,Nebraska,35382853.46264601,2175756.782050308,334165013.63842964,1846.4195842632116
2034,Nebraska,36062979.23927879,2190556.1278602816,339879841.6426735,1879.9709242383278
2035,Nebraska,36743105.01591158,2205355.4736702517,345594669.64691544,1913.5222642134404
2036,Nebraska,37423230.792544365,2220154.8194802217,351309497.6511593,1947.0736041885584
2037,Nebraska,38103356.56917715,2234954.1652901955,357024325.65540314,1980.6249441636746
2038,Nebraska,38783482.34580994,2249753.5111001655,362739153.6596451,2014.1762841387872
2039,Nebraska,39463608.12244296,2264552.8569101356,368453981.66388893,2047.7276241139143
2040,Nebraska,40143733.89907575,2279352.2027201094,374168809.6681309,2081.2789640890305
2020,Nevada,48874606.00090933,3373445.234543115,385838395.9690857,1663.985449238161
2021,Nevada,50221082.739809036,3441831.6732459366,395483186.84649277,1698.7296491139869
2022,Nevada,51567559.478708744,3510218.111948788,405127977.72389984,1733.4738489898173
2023,Nevada,52914036.21760845,3578604.55065161,414772768.6013031,1768.2180488656431
2024,Nevada,54260512.95650864,3646990.9893544316,424417559.4787102,1802.9622487414772
2025,Nevada,55606989.695408344,3715377.428057283,434062350.35611725,1837.7064486173076
2026,Nevada,56953466.43430805,3783763.866760105,443707141.2335205,1872.4506484931335
2027,Nevada,58299943.17320776,3852150.3054629564,453351932.1109276,1907.194848368964
2028,Nevada,59646419.912107944,3920536.744165778,462996722.98833084,1941.939048244797
2029,Nevada,60992896.65100765,3988923.1828686,472641513.8657379,1976.683248120623
2030,Nevada,62339373.38990736,4057309.6215714514,482286304.743145,2011.4274479964533
2031,Nevada,63685850.128807545,4125696.060274273,491931095.62054825,2046.1716478722865
2032,Nevada,65032326.86770725,4194082.4989771247,501575886.4979553,2080.915847748118
2033,Nevada,66378803.60660696,4262468.937679946,511220677.3753624,2115.6600476239437
2034,Nevada,67725280.34550667,4330855.376382768,520865468.25276566,2150.4042474997686
2035,Nevada,69071757.08440685,4399241.81508562,530510259.1301727,2185.148447375608
2036,Nevada,70418233.82330656,4467628.253788441,540155050.007576,2219.892647251433
2037,Nevada,71764710.56220627,4536014.692491293,549799840.8849831,2254.6368471272635
2038,Nevada,73111187.30110598,4604401.131194115,559444631.7623901,2289.3810470030885
2039,Nevada,74457664.04000616,4672787.569896936,569089422.6397934,2324.1252468789226
2040,Nevada,75804140.77890587,4741174.008599788,578734213.5172005,2358.869446754754
2020,New Hampshire,14852045.764509737,956383.176428251,180537418.5482645,1203.9021492438803
2021,New Hampshire,15114570.389452934,933167.7204500735,183262892.10486412,1228.2031487497804
2022,New Hampshire,15377095.014396071,909952.264471896,185988365.66146374,1252.5041482556762
2023,New Hampshire,15639619.639339268,886736.808493711,188713839.2180624,1276.805147761578
2024,New Hampshire,15902144.264282465,863521.3525155336,191439312.77466202,1301.1061472674778
2025,New Hampshire,16164668.889225602,840305.8965373561,194164786.33126163,1325.4071467733734
2026,New Hampshire,16427193.514168799,817090.4405591786,196890259.88786125,1349.7081462792737
2027,New Hampshire,16689718.139111936,793874.9845810011,199615733.44446087,1374.0091457851693
2028,New Hampshire,16952242.764055133,770659.5286028236,202341207.0010605,1398.3101452910694
2029,New Hampshire,17214767.38899833,747444.0726246461,205066680.5576601,1422.6111447969693
2030,New Hampshire,17477292.013941467,724228.6166464612,207792154.11425972,1446.9121443028666
2031,New Hampshire,17739816.638884664,701013.1606682837,210517627.67085838,1471.2131438087667
2032,New Hampshire,18002341.2638278,677797.7046901062,213243101.227458,1495.5141433146623
2033,New Hampshire,18264865.888770998,654582.2487119287,215968574.78405762,1519.8151428205626
2034,New Hampshire,18527390.513714194,631366.7927337512,218694048.34065723,1544.1161423264628
2035,New Hampshire,18789915.13865733,608151.3367555737,221419521.89725685,1568.4171418323583
2036,New Hampshire,19052439.76360053,584935.8807773963,224144995.45385647,1592.7181413382582
2037,New Hampshire,19314964.388543665,561720.4247992188,226870469.0104561,1617.0191408441542
2038,New Hampshire,19577489.013486862,538504.9688210338,229595942.56705475,1641.3201403500557
2039,New Hampshire,19840013.63843006,515289.51284285635,232321416.12365437,1665.6211398559558
2040,New Hampshire,20102538.263373196,492074.05686467886,235046889.68025398,1689.9221393618516
2020,New Jersey,136352095.01439667,9647058.23408851,1756637842.8549652,1515.885584860077
2021,New Jersey,139421310.04697704,9726181.053341419,1794174803.0004425,1546.8941242881356
2022,New Jersey,142490525.07955742,9805303.872594327,1831711763.1459198,1577.9026637161924
2023,New Jersey,145559740.11213875,9884426.691847265,1869248723.291397,1608.91120314426
2024,New Jersey,148628955.14471912,9963549.511100173,1906785683.4368744,1639.9197425723178
2025,New Jersey,151698170.1772995,10042672.330353081,1944322643.5823517,1670.9282820003746
2026,New Jersey,154767385.20988083,10121795.14960599,1981859603.727829,1701.936821428444
2027,New Jersey,157836600.2424612,10200917.968858927,2019396563.8733063,1732.9453608565009
2028,New Jersey,160905815.27504158,10280040.788111836,2056933524.0187836,1763.9539002845586
2029,New Jersey,163975030.3076229,10359163.607364744,2094470484.1642609,1794.9624397126263
2030,New Jersey,167044245.3402033,10438286.426617682,2132007444.3097382,1825.970979140683
2031,New Jersey,170113460.37278366,10517409.24587059,2169544404.4552155,1856.9795185687417
2032,New Jersey,173182675.405365,10596532.065123498,2207081364.6006927,1887.9880579968094
2033,New Jersey,176251890.43794537,10675654.884376436,2244618324.74617,1918.9965974248657
2034,New Jersey,179321105.47052574,10754777.703629345,2282155284.8916473,1950.005136852923
2035,New Jersey,182390320.50310707,10833900.522882253,2319692245.0371246,1981.0136762809925
2036,New Jersey,185459535.53568745,10913023.342135161,2357229205.182602,2012.0222157090498
2037,New Jersey,188528750.56826782,10992146.1613881,2394766165.328079,2043.0307551371066
2038,New Jersey,191597965.60084915,11071268.980641007,2432303125.4735413,2074.039294565175
2039,New Jersey,194667180.63342953,11150391.799893916,2469840085.6190186,2105.047833993233
2040,New Jersey,197736395.6660099,11229514.619146854,2507377045.764496,2136.056373421289
2020,New Mexico,26286460.069707513,1085931.8298227042,168922158.66040325,1500.291942203985
2021,New Mexico,26691343.385361433,1023967.1157372296,169688096.68131542,1533.4951843761664
2022,New Mexico,27096226.701015234,962002.4016517699,170454034.7022276,1566.6984265483388
2023,New Mexico,27501110.016669154,900037.6875662953,171219972.72314,1599.9016687205185
2024,New Mexico,27905993.332323074,838072.9734808356,171985910.74405217,1633.1049108926964
2025,New Mexico,28310876.647976875,776108.259395361,172751848.76496434,1666.3081530648724
2026,New Mexico,28715759.963630795,714143.5453098863,173517786.78587675,1699.511395237052
2027,New Mexico,29120643.279284716,652178.8312244266,174283724.80678892,1732.71463740923
2028,New Mexico,29525526.594938636,590214.117138952,175049662.82770133,1765.9178795814096
2029,New Mexico,29930409.910592437,528249.4030534923,175815600.8486135,1799.121121753582
2030,New Mexico,30335293.226246357,466284.6889680177,176581538.86952567,1832.3243639257635
2031,New Mexico,30740176.541900277,404319.974882558,177347476.89043808,1865.5276060979395
2032,New Mexico,31145059.857554078,342355.2607970834,178113414.91135025,1898.7308482701155
2033,New Mexico,31549943.173208,280390.54671162367,178879352.93226242,1931.9340904422934
2034,New Mexico,31954826.48886192,218425.83262614906,179645290.95317483,1965.137332614473
2035,New Mexico,32359709.80451584,156461.11854068935,180411228.974087,1998.340574786651
2036,New Mexico,32764593.12016964,94496.40445521474,181177166.9949994,2031.543816958827
2037,New Mexico,33169476.43582356,32531.69036975503,181943105.01591158,2064.747059131003
2038,New Mexico,33574359.75147748,-29433.02371571958,182709043.03682375,2097.9503013031845
2039,New Mexico,33979243.0671314,-91397.73780117929,183474981.05773616,2131.1535434753623
2040,New Mexico,34384126.3827852,-153362.4518866539,184240919.07864833,2164.3567856475365
2020,New York,433905447.79512024,20788712.90218216,4195310600.0909424,2210.0903069691108
2021,New York,443774355.96302414,20916797.325541764,4287833273.9809265,2257.7174465347325
2022,New York,453643264.13092804,21044881.748901337,4380355947.870911,2305.3445861003543
2023,New York,463512172.29883194,21172966.17226094,4472878621.760895,2352.9717256659765
2024,New York,473381080.46673584,21301050.595620543,4565401295.650879,2400.5988652315987
2025,New York,483249988.63463974,21429135.018980145,4657923969.540863,2448.2260047972204
2026,New York,493118896.80254364,21557219.44233975,4750446643.430847,2495.853144362842
2027,New York,502987804.97044754,21685303.86569935,4842969317.320831,2543.4802839284644
2028,New York,512856713.13835144,21813388.289058954,4935491991.210815,2591.107423494086
2029,New York,522725621.30625534,21941472.712418556,5028014665.1008,2638.734563059708
2030,New York,532594529.47415924,22069557.13577816,5120537338.990753,2686.3617026253296
2031,New York,542463437.642067,22197641.55913776,5213060012.880737,2733.988842190971
2032,New York,552332345.8099709,22325725.982497364,5305582686.770721,2781.6159817565926
2033,New York,562201253.9778748,22453810.405856937,5398105360.660706,2829.2431213222144
2034,New York,572070162.1457787,22581894.82921654,5490628034.55069,2876.8702608878366
2035,New York,581939070.3136826,22709979.252576143,5583150708.440674,2924.497400453459
2036,New York,591807978.4815865,22838063.675935745,5675673382.330658,2972.12454001908
2037,New York,601676886.6494904,22966148.099295348,5768196056.220642,3019.7516795847023
2038,New York,611545794.8173943,23094232.52265495,5860718730.110626,3067.378819150324
2039,New York,621414702.9852982,23222316.946014553,5953241404.00061,3115.005958715946
2040,New York,631283611.153202,23350401.369374156,6045764077.8905945,3162.633098281568
2020,North Carolina,116047306.41006184,11137644.556334317,1165790873.617218,1167.5229432707492
2021,North Carolina,119008315.6538868,11301125.420669794,1192749166.5403824,1192.520461166394
2022,North Carolina,121969324.89771175,11464606.285005331,1219707459.4635544,1217.5179790620386
2023,North Carolina,124930334.14153671,11628087.149340808,1246665752.3867264,1242.515496957687
2024,North Carolina,127891343.38536072,11791568.013676345,1273624045.3098984,1267.5130148533171
2025,North Carolina,130852352.62918568,11955048.878011823,1300582338.2330704,1292.5105327489619
2026,North Carolina,133813361.87301064,12118529.74234736,1327540631.1562347,1317.5080506446066
2027,North Carolina,136774371.1168356,12282010.606682837,1354498924.0794067,1342.505568540255
2028,North Carolina,139735380.36066055,12445491.471018374,1381457217.0025787,1367.5030864358996
2029,North Carolina,142696389.6044855,12608972.335353851,1408415509.9257507,1392.5006043315443
2030,North Carolina,145657398.84831047,12772453.199689388,1435373802.848915,1417.4981222271854
2031,North Carolina,148618408.09213448,12935934.064024866,1462332095.772087,1442.4956401228192
2032,North Carolina,151579417.33595943,13099414.928360343,1489290388.695259,1467.4931580184675
2033,North Carolina,154540426.5797844,13262895.79269588,1516248681.618431,1492.4906759141086
2034,North Carolina,157501435.82360935,13426376.657031357,1543206974.5415955,1517.4881938097533
2035,North Carolina,160462445.0674343,13589857.521366894,1570165267.4647675,1542.4857117054016
2036,North Carolina,163423454.31125927,13753338.385702372,1597123560.3879395,1567.4832296010463
2037,North Carolina,166384463.55508423,13916819.250037909,1624081853.3111115,1592.480747496691
2038,North Carolina,169345472.79890823,14080300.114373386,1651040146.2342758,1617.4782653923285
2039,North Carolina,172306482.0427332,14243780.978708923,1677998439.1574478,1642.4757832879695
2040,North Carolina,175267491.28655815,14407261.8430444,1704956732.0806198,1667.4733011836179
2020,North Dakota,8527443.552053332,-12210.798908919096,105890081.83058023,1448.6785176002668
2021,North Dakota,8663236.854068816,-62844.96222913265,107471582.81557798,1484.3498016271988
2022,North Dakota,8799030.1560843,-113479.12554933131,109053083.80057573,1520.021085654127
2023,North Dakota,8934823.458099723,-164113.28886952996,110634584.78557348,1555.6923696810409
2024,North Dakota,9070616.760115206,-214747.45218972862,112216085.77057123,1591.3636537079728
2025,North Dakota,9206410.06213063,-265381.6155099273,113797586.75556898,1627.034937734894
2026,North Dakota,9342203.364146113,-316015.7788301259,115379087.74056673,1662.7062217618222
2027,North Dakota,9477996.666161537,-366649.9421503246,116960588.72556448,1698.3775057887397
2028,North Dakota,9613789.96817702,-417284.10547052324,118542089.71056223,1734.0487898156643
2029,North Dakota,9749583.270192444,-467918.2687907219,120123590.69555998,1769.720073842589
2030,North Dakota,9885376.572207928,-518552.43211092055,121705091.68055773,1805.3913578695174
2031,North Dakota,10021169.874223411,-569186.5954311192,123286592.66555548,1841.062641896442
2032,North Dakota,10156963.176238835,-619820.7587513328,124868093.65055323,1876.7339259233668
2033,North Dakota,10292756.478254318,-670454.9220715314,126449594.63555098,1912.4052099502915
2034,North Dakota,10428549.780269742,-721089.0853917301,128031095.62054873,1948.0764939772125
2035,North Dakota,10564343.082285225,-771723.2487119287,129612596.60554647,1983.7477780041409
2036,North Dakota,10700136.38430065,-822357.4120321274,131194097.59054422,2019.419062031062
2037,North Dakota,10835929.686316133,-872991.575352326,132775598.57554197,2055.0903460579902
2038,North Dakota,10971722.988331556,-923625.7386725247,134357099.56053925,2090.7616300849113
2039,North Dakota,11107516.29034704,-974259.9019927233,135938600.545537,2126.4329141118324
2040,North Dakota,11243309.592362523,-1024894.065312922,137520101.53053474,2162.1041981387643
2020,Ohio,174753455.06895065,12378946.71321413,1471628928.6255493,1492.6126161048358
2021,Ohio,178911274.43552113,12448232.735225052,1499904924.9886322,1526.7205290354937
2022,Ohio,183069093.8020916,12517518.757235944,1528180921.3517227,1560.8284419661527
2023,Ohio,187226913.16866207,12586804.779246867,1556456917.7148056,1594.9363548968106
2024,Ohio,191384732.53523254,12656090.80125776,1584732914.0778885,1629.044267827469
2025,Ohio,195542551.90180397,12725376.823268682,1613008910.440979,1663.152180758135
2026,Ohio,199700371.26837444,12794662.845279604,1641284906.804062,1697.260093688793
2027,Ohio,203858190.63494492,12863948.867290497,1669560903.1671448,1731.3680066194515
2028,Ohio,208016010.0015154,12933234.88930142,1697836899.5302353,1765.4759195501094
2029,Ohio,212173829.3680868,13002520.911312312,1726112895.8933182,1799.583832480776
2030,Ohio,216331648.7346573,13071806.933323234,1754388892.256401,1833.691745411434
2031,Ohio,220489468.10122776,13141092.955334157,1782664888.6194916,1867.799658342092
2032,Ohio,224647287.46779823,13210378.97734505,1810940884.9825745,1901.9075712727504
2033,Ohio,228805106.83436966,13279664.999355972,1839216881.3456573,1936.0154842034171
2034,Ohio,232962926.20094013,13348951.021366894,1867492877.7087479,1970.123397134075
2035,Ohio,237120745.5675106,13418237.043377787,1895768874.0718307,2004.2313100647336
2036,Ohio,241278564.93408108,13487523.06538871,1924044870.4349136,2038.3392229953913
2037,Ohio,245436384.30065155,13556809.087399602,1952320866.7980042,2072.4471359260497
2038,Ohio,249594203.66722298,13626095.109410524,1980596863.161087,2106.555048856716
2039,Ohio,253752023.03379345,13695381.131421447,2008872859.52417,2140.662961787374
2040,Ohio,257909842.40036392,13764667.15343234,2037148855.8872528,2174.7708747180322
2020,Oklahoma,46721408.54674959,4018241.5611456335,426094449.9166527,1215.215721701581
2021,Oklahoma,47877754.20518255,4046619.752159424,435192415.51750183,1242.945150835416
2022,Oklahoma,49034099.86361599,4074997.9431732073,444290381.118351,1270.6745799692635
2023,Oklahoma,50190445.52204895,4103376.134186998,453388346.71920013,1298.4040091030984
2024,Oklahoma,51346791.18048191,4131754.3252007887,462486312.3200455,1326.1334382369332
2025,Oklahoma,52503136.83891487,4160132.5162145793,471584277.9208946,1353.86286737077
2026,Oklahoma,53659482.49734831,4188510.70722837,480682243.5217438,1381.5922965046175
2027,Oklahoma,54815828.15578127,4216888.898242161,489780209.1225929,1409.3217256384505
2028,Oklahoma,55972173.81421423,4245267.089255951,498878174.7234421,1437.0511547722872
2029,Oklahoma,57128519.47264767,4273645.280269742,507976140.3242912,1464.780583906133
2030,Oklahoma,58284865.13108063,4302023.471283533,517074105.9251404,1492.5100130399696
2031,Oklahoma,59441210.78951359,4330401.662297323,526172071.5259857,1520.2394421738045
2032,Oklahoma,60597556.44794655,4358779.853311114,535270037.12683487,1547.9688713076412
2033,Oklahoma,61753902.106379986,4387158.044324897,544368002.727684,1575.698300441487
2034,Oklahoma,62910247.76481295,4415536.235338688,553465968.3285332,1603.42772957532
2035,Oklahoma,64066593.42324591,4443914.426352479,562563933.9293823,1631.1571587091566
2036,Oklahoma,65222939.081679344,4472292.617366269,571661899.5302315,1658.8865878430024
2037,Oklahoma,66379284.740112305,4500670.80838006,580759865.1310806,1686.6160169768373
2038,Oklahoma,67535630.39854527,4529048.999393851,589857830.731926,1714.345446110674
2039,Oklahoma,68691976.05697823,4557427.190407641,598955796.3327751,1742.0748752445088
2040,Oklahoma,69848321.71541166,4585805.381421432,608053761.9336243,1769.8043043783564
2020,Oregon,69025102.28822565,3631230.444650705,480084702.22761154,1775.0062072088367
2021,Oregon,70758228.5194726,3629449.7141233524,489452712.5322037,1816.8926424353958
2022,Oregon,72491354.75072002,3627668.983596,498820722.8367958,1858.7790776619695
2023,Oregon,74224480.98196697,3625888.253068647,508188733.1413841,1900.665512888525
2024,Oregon,75957607.21321392,3624107.5225412943,517556743.44597626,1942.5519481150877
2025,Oregon,77690733.44446135,3622326.792013942,526924753.7505684,1984.4383833416614
2026,Oregon,79423859.6757083,3620546.0614865893,536292764.0551605,2026.3248185682205
2027,Oregon,81156985.90695572,3618765.3309592367,545660774.3597527,2068.211253794794
2028,Oregon,82890112.13820267,3616984.6004318837,555028784.6643448,2110.0976890213497
2029,Oregon,84623238.36945009,3615203.869904531,564396794.9689369,2151.984124247916
2030,Oregon,86356364.60069704,3613423.1393771786,573764805.2735252,2193.870559474479
2031,Oregon,88089490.83194447,3611642.408849826,583132815.5781174,2235.756994701049
2032,Oregon,89822617.06319141,3609861.678322473,592500825.8827095,2277.6434299276116
2033,Oregon,91555743.29443836,3608080.9477951205,601868836.1873016,2319.5298651541707
2034,Oregon,93288869.52568579,3606300.217267768,611236846.4918938,2361.4163003807407
2035,Oregon,95021995.75693274,3604519.4867404155,620604856.7964859,2403.3027356073035
2036,Oregon,96755121.98818016,3602738.756213063,629972867.101078,2445.189170833877
2037,Oregon,98488248.21942711,3600958.02568571,639340877.4056702,2487.075606060429
2038,Oregon,100221374.45067453,3599177.2951583574,648708887.7102585,2528.9620412870026
2039,Oregon,101954500.68192148,3597396.564631005,658076898.0148506,2570.8484765135618
2040,Oregon,103687626.91316843,3595615.8341036523,667444908.3194427,2612.734911740121
2020,Pennsylvania,179830296.25700855,13765597.545158356,1855393957.4177856,1391.6418301066951
2021,Pennsylvania,183884387.78602886,13858772.660516739,1894025018.9422607,1420.9624738218517
2022,Pennsylvania,187938479.31504822,13951947.775875151,1932656080.4667358,1450.2831175369984
2023,Pennsylvania,191992570.84406757,14045122.891233534,1971287141.991211,1479.6037612521486
2024,Pennsylvania,196046662.37308693,14138298.006591916,2009918203.515686,1508.9244049672961
2025,Pennsylvania,200100753.90210629,14231473.121950299,2048549265.0401611,1538.2450486824446
2026,Pennsylvania,204154845.4311266,14324648.237308681,2087180326.564621,1567.5656923976012
2027,Pennsylvania,208208936.96014595,14417823.352667063,2125811388.089096,1596.8863361127505
2028,Pennsylvania,212263028.4891653,14510998.468025476,2164442449.613571,1626.206979827898
2029,Pennsylvania,216317120.01818466,14604173.583383858,2203073511.1380463,1655.5276235430465
2030,Pennsylvania,220371211.54720402,14697348.69874224,2241704572.6625214,1684.848267258195
2031,Pennsylvania,224425303.07622433,14790523.814100623,2280335634.1869965,1714.1689109733506
2032,Pennsylvania,228479394.60524368,14883698.929459006,2318966695.7114716,1743.489554688501
2033,Pennsylvania,232533486.13426304,14976874.044817388,2357597757.2359467,1772.8101984036484
2034,Pennsylvania,236587577.6632824,15070049.1601758,2396228818.7604218,1802.130842118796
2035,Pennsylvania,240641669.19230175,15163224.275534183,2434859880.2848816,1831.4514858339453
2036,Pennsylvania,244695760.72132206,15256399.390892565,2473490941.8093567,1860.772129549101
2037,Pennsylvania,248749852.25034142,15349574.506250948,2512122003.333832,1890.0927732642504
2038,Pennsylvania,252803943.77936077,15442749.62160933,2550753064.858307,1919.4134169793988
2039,Pennsylvania,256858035.30838013,15535924.736967713,2589384126.382782,1948.7340606945472
2040,Pennsylvania,260912126.83739948,15629099.852326125,2628015187.907257,1978.0547044096938
2020,Rhode Island,16541199.424155116,919112.7266252451,156656345.65843296,1585.7155070263375
2021,Rhode Island,16897598.120927334,910150.8974086978,159604917.41172886,1620.2453223162129
2022,Rhode Island,17253996.81769967,901189.0681921504,162553489.1650257,1654.7751376060987
2023,Rhode Island,17610395.51447189,892227.2389755994,165502060.9183216,1689.3049528959755
2024,Rhode Island,17966794.211244106,883265.4097590521,168450632.6716175,1723.8347681858504
2025,Rhode Island,18323192.908016324,874303.5805425048,171399204.4249134,1758.3645834757267
2026,Rhode Island,18679591.60478854,865341.7513259575,174347776.1782093,1792.8943987656016
2027,Rhode Island,19035990.30156076,856379.9221094102,177296347.9315052,1827.424214055477
2028,Rhode Island,19392388.998333097,847418.0928928591,180244919.6848011,1861.9540293453638
2029,Rhode Island,19748787.695105314,838456.2636763118,183193491.438097,1896.4838446352383
2030,Rhode Island,20105186.391877532,829494.4344597645,186142063.1913929,1931.013659925115
2031,Rhode Island,20461585.08864975,820532.6052432172,189090634.9446888,1965.54347521499
2032,Rhode Island,20817983.785421968,811570.7760266699,192039206.6979847,2000.0732905048658
2033,Rhode Island,21174382.482194185,802608.9468101226,194987778.4512806,2034.6031057947398
2034,Rhode Island,21530781.178966522,793647.1175935715,197936350.2045765,2069.1329210846275
2035,Rhode Island,21887179.87573874,784685.2883770242,200884921.9578724,2103.6627363745024
2036,Rhode Island,22243578.572510958,775723.4591604769,203833493.7111683,2138.1925516643773
2037,Rhode Island,22599977.269283175,766761.6299439296,206782065.4644642,2172.722366954253
2038,Rhode Island,22956375.966055393,757799.8007273823,209730637.2177601,2207.252182244129
2039,Rhode Island,23312774.66282761,748837.971510835,212679208.97105598,2241.781997534004
2040,Rhode Island,23669173.359599948,739876.142294284,215627780.72435284,2276.3118128238907
2020,South Carolina,47897821.63964224,5320725.338763446,497445809.9712105,989.1891296255253
2021,South Carolina,49069207.455675125,5388786.973859668,508557379.9060478,1009.5901334451428
2022,South Carolina,50240593.271707535,5456848.60895589,519668949.84088516,1029.9911372647457
2023,South Carolina,51411979.08774042,5524910.244052112,530780519.7757263,1050.392141084365
2024,South Carolina,52583364.90377331,5592971.879148334,541892089.7105637,1070.7931449039806
2025,South Carolina,53754750.71980572,5661033.514244556,553003659.645401,1091.1941487235854
2026,South Carolina,54926136.535838604,5729095.149340808,564115229.5802422,1111.5951525431992
2027,South Carolina,56097522.35187149,5797156.784437031,575226799.5150795,1131.9961563628185
2028,South Carolina,57268908.1679039,5865218.419533253,586338369.4499168,1152.397160182425
2029,South Carolina,58440293.98393679,5933280.054629475,597449939.384758,1172.798164002039
2030,South Carolina,59611679.79996967,6001341.689725697,608561509.3195953,1193.1991678216564
2031,South Carolina,60783065.61600256,6069403.324821919,619673079.2544327,1213.6001716412738
2032,South Carolina,61954451.43203497,6137464.959918171,630784649.1892738,1234.0011754608786
2033,South Carolina,63125837.248067856,6205526.595014393,641896219.1241112,1254.4021792804924
2034,South Carolina,64297223.06410074,6273588.2301106155,653007789.0589485,1274.80318310011
2035,South Carolina,65468608.88013315,6341649.865206838,664119358.9937897,1295.2041869197164
2036,South Carolina,66639994.69616604,6409711.50030306,675230928.928627,1315.605190739332
2037,South Carolina,67811380.51219893,6477773.135399282,686342498.8634644,1336.0061945589496
2038,South Carolina,68982766.32823133,6545834.770495504,697454068.7983055,1356.4071983785543
2039,South Carolina,70154152.14426422,6613896.405591756,708565638.7331429,1376.8082021981718
2040,South Carolina,71325537.96029711,6681958.040687978,719677208.6679802,1397.2092060177874
2020,South Dakota,10101147.901197135,585241.7848158814,96425992.57463264,1275.2161035357883
2021,South Dakota,10334008.940748572,569932.2451886646,98249291.55932713,1305.956850470732
2022,South Dakota,10566869.980300069,554622.7055614479,100072590.54402208,1336.6975974056827
2023,South Dakota,10799731.019851506,539313.1659342349,101895889.52871656,1367.4383443406255
2024,South Dakota,11032592.059402943,524003.6263070181,103719188.51341105,1398.179091275569
2025,South Dakota,11265453.09895438,508694.08667980134,105542487.498106,1428.9198382105126
2026,South Dakota,11498314.138505816,493384.5470525846,107365786.48280048,1459.6605851454563
2027,South Dakota,11731175.178057253,478075.00742536783,109189085.46749544,1490.4013320804002
2028,South Dakota,11964036.21760875,462765.4677981511,111012384.45218992,1521.1420790153509
2029,South Dakota,12196897.257160187,447455.9281709343,112835683.4368844,1551.8828259502939
2030,South Dakota,12429758.296711624,432146.3885437213,114658982.42157936,1582.623572885237
2031,South Dakota,12662619.33626306,416836.84891650453,116482281.40627384,1613.3643198201805
2032,South Dakota,12895480.375814497,401527.3092892878,118305580.39096832,1644.1050667551242
2033,South Dakota,13128341.415365934,386217.769662071,120128879.37566328,1674.8458136900676
2034,South Dakota,13361202.45491743,370908.23003485426,121952178.36035776,1705.5865606250184
2035,South Dakota,13594063.494468868,355598.6904076375,123775477.34505224,1736.3273075599623
2036,South Dakota,13826924.534020305,340289.15078042075,125598776.3297472,1767.0680544949057
2037,South Dakota,14059785.573571742,324979.611153204,127422075.31444168,1797.8088014298494
2038,South Dakota,14292646.613123178,309670.07152599096,129245374.29913616,1828.5495483647917
2039,South Dakota,14525507.652674615,294360.5318987742,131068673.28383112,1859.2902952997356
2040,South Dakota,14758368.692226112,279050.99227155745,132891972.2685256,1890.0310422346865
2020,Tennessee,73438956.66009998,6167116.199424155,684349352.174572,1149.708389400268
2021,Tennessee,75181069.10137892,6175592.598120928,697297886.0433388,1175.147069177192
2022,Tennessee,76923181.54265785,6184068.996817701,710246419.9121094,1200.585748954115
2023,Tennessee,78665293.98393726,6192545.39551447,723194953.7808762,1226.024428731047
2024,Tennessee,80407406.4252162,6201021.794211242,736143487.649643,1251.4631085079718
2025,Tennessee,82149518.86649513,6209498.192908015,749092021.5184135,1276.9017882848948
2026,Tennessee,83891631.30777407,6217974.591604788,762040555.3871803,1302.3404680618196
2027,Tennessee,85633743.749053,6226450.990301561,774989089.2559471,1327.7791478387435
2028,Tennessee,87375856.19033194,6234927.388998333,787937623.1247177,1353.2178276156674
2029,Tennessee,89117968.63161087,6243403.787695106,800886156.9934845,1378.6565073925904
2030,Tennessee,90860081.0728898,6251880.186391875,813834690.8622513,1404.0951871695142
2031,Tennessee,92602193.51416874,6260356.585088648,826783224.7310219,1429.5338669464381
2032,Tennessee,94344305.95544767,6268832.983785421,839731758.5997887,1454.972546723362
2033,Tennessee,96086418.39672709,6277309.382482193,852680292.4685555,1480.4112265002932
2034,Tennessee,97828530.83800602,6285785.781178966,865628826.337326,1505.849906277217
2035,Tennessee,99570643.27928495,6294262.179875739,878577360.2060928,1531.288586054141
2036,Tennessee,101312755.72056389,6302738.578572512,891525894.0748596,1556.727265831064
2037,Tennessee,103054868.16184282,6311214.977269284,904474427.9436302,1582.1659456079879
2038,Tennessee,104796980.60312176,6319691.375966053,917422961.812397,1607.6046253849108
2039,Tennessee,106539093.04440069,6328167.774662826,930371495.6811638,1633.0433051618347
2040,Tennessee,108281205.48567963,6336644.173359599,943320029.5499306,1658.4819849387595
2020,Texas,309631561.6002426,30003806.00469768,3498745135.626587,1154.3670091747315
2021,Texas,317730622.0639496,30469130.239013433,3584892021.518402,1179.2506579228088
2022,Texas,325829682.52765656,30934454.473329306,3671038907.410187,1204.1343066708853
2023,Texas,333928742.9913635,31399778.70764506,3757185793.302002,1229.0179554189622
2024,Texas,342027803.4550686,31865102.94196081,3843332679.193817,1253.901604167032
2025,Texas,350126863.91877556,32330427.176276684,3929479565.085602,1278.7852529151087
2026,Texas,358225924.3824825,32795751.410592437,4015626450.977417,1303.6689016631858
2027,Texas,366324984.8461895,33261075.64490831,4101773336.8692017,1328.552550411262
2028,Texas,374424045.30989647,33726399.87922406,4187920222.761017,1353.436199159339
2029,Texas,382523105.77360153,34191724.113539934,4274067108.6528015,1378.3198479074083
2030,Texas,390622166.2373085,34657048.34785569,4360213994.544617,1403.2034966554854
2031,Texas,398721226.7010155,35122372.58217156,4446360880.436401,1428.0871454035616
2032,Texas,406820287.16472244,35587696.81648731,4532507766.328217,1452.9707941516388
2033,Texas,414919347.6284294,36053021.050803065,4618654652.220032,1477.8544428997159
2034,Texas,423018408.0921364,36518345.28511894,4704801538.111816,1502.7380916477923
2035,Texas,431117468.55584145,36983669.51943469,4790948424.003632,1527.6217403958626
2036,Texas,439216529.0195484,37448993.75375056,4877095309.895416,1552.5053891439388
2037,Texas,447315589.4832554,37914317.988066316,4963242195.787231,1577.3890378920157
2038,Texas,455414649.94696236,38379642.22238219,5049389081.679016,1602.272686640092
2039,Texas,463513710.4106693,38844966.45669794,5135535967.570831,1627.156335388169
2040,Texas,471612770.8743744,39310290.691013694,5221682853.4626465,1652.0399841362396
2020,Utah,31567154.11425972,3286262.1815805286,332395491.7411747,1076.2792771406057
2021,Utah,32374397.6360054,3339594.8293680847,340623446.734354,1098.052535446972
2022,Utah,33181641.157751083,3392927.477155626,348851401.72753525,1119.825793753338
2023,Utah,33988884.679496765,3446260.124943167,357079356.7207165,1141.599052059708
2024,Utah,34796128.20124245,3499592.772730708,365307311.7138977,1163.3723103660705
2025,Utah,35603371.72298813,3552925.4205182493,373535266.707077,1185.1455686724403
2026,Utah,36410615.24473405,3606258.0683057904,381763221.70025826,1206.9188269788137
2027,Utah,37217858.76647973,3659590.7160933465,389991176.6934395,1228.6920852851872
2028,Utah,38025102.28822541,3712923.3638808876,398219131.6866207,1250.4653435915498
2029,Utah,38832345.809971094,3766256.011668429,406447086.67980003,1272.238601897916
2030,Utah,39639589.331716776,3819588.65945597,414675041.67298126,1294.0118602042858
2031,Utah,40446832.85346246,3872921.307243511,422902996.6661625,1315.785118510652
2032,Utah,41254076.37520838,3926253.955031052,431130951.6593437,1337.5583768170327
2033,Utah,42061319.89695406,3979586.6028186083,439358906.65252495,1359.3316351233989
2034,Utah,42868563.41869974,4032919.2506061494,447586861.64570427,1381.104893429765
2035,Utah,43675806.94044542,4086251.8983936906,455814816.6388855,1402.8781517361313
2036,Utah,44483050.462191105,4139584.5461812317,464042771.6320667,1424.651410042501
2037,Utah,45290293.98393679,4192917.193968773,472270726.62524796,1446.4246683488673
2038,Utah,46097537.50568247,4246249.841756314,480498681.6184273,1468.1979266552335
2039,Utah,46904781.02742839,4299582.48954387,488726636.6116085,1489.9711849616106
2040,Utah,47712024.54917407,4352915.137331411,496954591.60478973,1511.744443267973
2020,Vermont,9060603.879375637,291254.69605243206,79426197.15108347,1580.076947730584
2021,Vermont,9253023.185331106,267817.77132899314,80465748.59827232,1619.6127714050745
2022,Vermont,9445442.491286576,244380.84660554677,81505300.04546142,1659.1485950795668
2023,Vermont,9637861.797241986,220943.9218821004,82544851.49265027,1698.684418754051
2024,Vermont,9830281.103197455,197506.99715866148,83584402.93983936,1738.2202424285415
2025,Vermont,10022700.409152865,174070.07243521512,84623954.38702822,1777.7560661030257
2026,Vermont,10215119.715108335,150633.1477117762,85663505.83421731,1817.2918897775162
2027,Vermont,10407539.021063805,127196.22298832983,86703057.28140616,1856.8277134520094
2028,Vermont,10599958.327019215,103759.29826489091,87742608.72859526,1896.3635371264918
2029,Vermont,10792377.632974684,80322.37354144454,88782160.17578411,1935.899360800985
2030,Vermont,10984796.938930154,56885.44881800562,89821711.62297297,1975.4351844754747
2031,Vermont,11177216.244885564,33448.52409455925,90861263.07016206,2014.9710081499588
2032,Vermont,11369635.550841033,10011.599371120334,91900814.51735091,2054.5068318244494
2033,Vermont,11562054.856796503,-13425.325352326035,92940365.96454,2094.0426554989417
2034,Vermont,11754474.162751913,-36862.250075764954,93979917.41172886,2133.578479173423
2035,Vermont,11946893.468707383,-60299.17479921132,95019468.85891795,2173.1143028479164
2036,Vermont,12139312.774662793,-83736.09952265769,96059020.3061068,2212.6501265223997
2037,Vermont,12331732.080618262,-107173.02424609661,97098571.7532959,2252.18595019689
2038,Vermont,12524151.386573732,-130609.94896954298,98138123.20048475,2291.7217738713844
2039,Vermont,12716570.692529142,-154046.8736929819,99177674.64767385,2331.257597545866
2040,Vermont,12908989.998484612,-177483.79841642827,100217226.0948627,2370.793421220359
2020,Virginia,118127614.0324297,8943985.621760875,1253197779.9666595,1424.1156352926337
2021,Virginia,121176951.05319023,9039540.489430219,1281776966.2070007,1456.9866505377959
2022,Virginia,124226288.07395077,9135095.357099563,1310356152.447342,1489.8576657829635
2023,Virginia,127275625.0947113,9230650.224768907,1338935338.687683,1522.7286810281257
2024,Virginia,130324962.11547184,9326205.09243825,1367514524.9280167,1555.5996962732897
2025,Virginia,133374299.13623333,9421759.960107595,1396093711.1683578,1588.470711518461
2026,Virginia,136423636.15699387,9517314.827776939,1424672897.408699,1621.341726763625
2027,Virginia,139472973.1777544,9612869.695446283,1453252083.6490402,1654.2127420087909
2028,Virginia,142522310.19851494,9708424.563115627,1481831269.8893814,1687.0837572539567
2029,Virginia,145571647.21927547,9803979.43078497,1510410456.129715,1719.954772499119
2030,Virginia,148620984.24003696,9899534.298454314,1538989642.3700562,1752.825787744292
2031,Virginia,151670321.2607975,9995089.166123658,1567568828.6103973,1785.696802989456
2032,Virginia,154719658.28155804,10090644.033793002,1596148014.8507385,1818.5678182346182
2033,Virginia,157768995.30231857,10186198.901462346,1624727201.091072,1851.438833479784
2034,Virginia,160818332.3230791,10281753.76913169,1653306387.3314133,1884.309848724948
2035,Virginia,163867669.34383965,10377308.636801034,1681885573.5717545,1917.180863970114
2036,Virginia,166917006.36460114,10472863.504470378,1710464759.8120956,1950.0518792152834
2037,Virginia,169966343.38536167,10568418.372139722,1739043946.0524368,1982.9228944604492
2038,Virginia,173015680.4061222,10663973.239809066,1767623132.2927704,2015.7939097056133
2039,Virginia,176065017.42688274,10759528.10747841,1796202318.5331116,2048.6649249507773
2040,Virginia,179114354.44764328,10855082.975147754,1824781504.7734528,2081.5359401959413
2020,Washington,99481182.75496292,7834063.730110645,1119355038.6422195,1409.009383899851
2021,Washington,101930701.62145805,7938396.816676766,1145466441.8851318,1438.427987685027
2022,Washington,104380220.48795319,8042729.903242916,1171577845.1280518,1467.8465914702247
2023,Washington,106829739.35444832,8147062.989809066,1197689248.370964,1497.265195255408
2024,Washington,109279258.2209425,8251396.076375216,1223800651.613884,1526.6837990405766
2025,Washington,111728777.08743763,8355729.162941366,1249912054.8567963,1556.1024028257598
2026,Washington,114178295.95393276,8460062.249507517,1276023458.0997162,1585.5210066109503
2027,Washington,116627814.8204279,8564395.336073667,1302134861.3426285,1614.9396103961408
2028,Washington,119077333.68692207,8668728.422639817,1328246264.5855408,1644.3582141813022
2029,Washington,121526852.5534172,8773061.509205937,1354357667.8284607,1673.7768179664927
2030,Washington,123976371.41991234,8877394.595772088,1380469071.071373,1703.195421751676
2031,Washington,126425890.28640747,8981727.682338238,1406580474.314293,1732.6140255368664
2032,Washington,128875409.1529026,9086060.768904388,1432691877.5572052,1762.032629322057
2033,Washington,131324928.01939678,9190393.855470538,1458803280.8001251,1791.4512331072256
2034,Washington,133774446.88589191,9294726.942036688,1484914684.0430374,1820.869836892416
2035,Washington,136223965.75238705,9399060.028602839,1511026087.2859497,1850.2884406776066
2036,Washington,138673484.61888218,9503393.115168989,1537137490.5288696,1879.7070444627898
2037,Washington,141123003.48537636,9607726.20173511,1563248893.771782,1909.1256482479657
2038,Washington,143572522.3518715,9712059.28830126,1589360297.0147018,1938.5442520331417
2039,Washington,146022041.21836662,9816392.37486741,1615471700.2576141,1967.9628558183322
2040,Washington,148471560.08486176,9920725.46143356,1641583103.500534,1997.3814596035154
2020,West Virginia,20016582.057887554,1626540.7632595822,180979709.0468254,1120.065225142456
2021,West Virginia,20492267.767843604,1611539.872215487,183873261.10016727,1148.1456482543324
2022,West Virginia,20967953.477799654,1596538.9811713882,186766813.1535082,1176.2260713662088
2023,West Virginia,21443639.187755704,1581538.0901272893,189660365.20685005,1204.3064944780856
2024,West Virginia,21919324.897711754,1566537.1990831941,192553917.26019096,1232.3869175899617
2025,West Virginia,22395010.607667804,1551536.3080390953,195447469.31353283,1260.4673407018383
2026,West Virginia,22870696.317623854,1536535.4169949964,198341021.36687374,1288.5477638137152
2027,West Virginia,23346382.027579904,1521534.5259509012,201234573.4202156,1316.6281869255913
2028,West Virginia,23822067.737535954,1506533.6349068023,204128125.47355652,1344.7086100374677
2029,West Virginia,24297753.447492003,1491532.7438627034,207021677.52689838,1372.7890331493447
2030,West Virginia,24773439.157448053,1476531.8528186083,209915229.58024025,1400.8694562612206
2031,West Virginia,25249124.867404103,1461530.9617745094,212808781.63358116,1428.9498793730977
2032,West Virginia,25724810.577360153,1446530.0707304105,215702333.68692303,1457.0303024849743
2033,West Virginia,26200496.287316322,1431529.1796863154,218595885.74026394,1485.1107255968566
2034,West Virginia,26676181.997272372,1416528.2886422165,221489437.7936058,1513.1911487087334
2035,West Virginia,27151867.707228422,1401527.3975981176,224382989.84694672,1541.27157182061
2036,West Virginia,27627553.417184472,1386526.5065540224,227276541.90028858,1569.3519949324864
2037,West Virginia,28103239.127140522,1371525.6155099235,230170093.9536295,1597.4324180443627
2038,West Virginia,28578924.837096572,1356524.7244658284,233063646.00697136,1625.5128411562393
2039,West Virginia,29054610.54705262,1341523.8334217295,235957198.06031227,1653.593264268116
2040,West Virginia,29530296.25700867,1326522.9423776306,238850750.11365414,1681.6736873799928
2020,Wisconsin,90482281.40627289,6315609.65062888,803240259.8878632,1550.6614478947868
2021,Wisconsin,92657970.90468216,6373458.47836794,820099795.4235497,1584.6367875290853
2022,Wisconsin,94833660.40309143,6431307.306106985,836959330.9592361,1618.612127163382
2023,Wisconsin,97009349.90149975,6489156.13384603,853818866.4949226,1652.5874667976623
2024,Wisconsin,99185039.39990902,6547004.96158509,870678402.0306091,1686.562806431959
2025,Wisconsin,101360728.89831734,6604853.789324135,887537937.5662994,1720.5381460662393
2026,Wisconsin,103536418.39672661,6662702.6170631945,904397473.1019859,1754.5134857005378
2027,Wisconsin,105712107.89513493,6720551.44480224,921257008.6376724,1788.4888253348145
2028,Wisconsin,107887797.3935442,6778400.272541285,938116544.1733589,1822.464164969113
2029,Wisconsin,110063486.89195251,6836249.1002803445,954976079.7090454,1856.4395046033915
2030,Wisconsin,112239176.39036179,6894097.9280193895,971835615.2447357,1890.4148442376882
2031,Wisconsin,114414865.88877106,6951946.755758449,988695150.7804222,1924.3901838719867
2032,Wisconsin,116590555.38717937,7009795.583497494,1005554686.3161087,1958.3655235062652
2033,Wisconsin,118766244.88558865,7067644.411236554,1022414221.8517952,1992.3408631405637
2034,Wisconsin,120941934.38399696,7125493.238975599,1039273757.3874817,2026.3162027748413
2035,Wisconsin,123117623.88240623,7183342.066714644,1056133292.923172,2060.2915424091398
2036,Wisconsin,125293313.38081455,7241190.894453704,1072992828.4588585,2094.266882043419
2037,Wisconsin,127469002.87922382,7299039.722192749,1089852363.994545,2128.242221677715
2038,Wisconsin,129644692.37763214,7356888.549931809,1106711899.5302315,2162.2175613119944
2039,Wisconsin,131820381.87604141,7414737.377670854,1123571435.0659218,2196.192900946292
2040,Wisconsin,133996071.37445068,7472586.205409914,1140430970.6016045,2230.1682405805896
2020,Wyoming,11607824.106063247,593520.3422547076,106349146.00967312,2026.6514736819495
2021,Wyoming,11930400.328208685,597723.3652832974,108922113.05924988,2079.508417044788
2022,Wyoming,12252976.550354123,601926.3883118853,111495080.10882664,2132.365360407631
2023,Wyoming,12575552.772499561,606129.4113404751,114068047.1584034,2185.2223037704703
2024,Wyoming,12898128.994645,610332.434369063,116641014.20798016,2238.0792471333143
2025,Wyoming,13220705.216790438,614535.4573976509,119213981.25755692,2290.9361904961575
2026,Wyoming,13543281.438935876,618738.4804262407,121786948.30713367,2343.793133858996
2027,Wyoming,13865857.661081314,622941.5034548286,124359915.35671043,2396.65007722184
2028,Wyoming,14188433.883226752,627144.5264834184,126932882.4062872,2449.507020584678
2029,Wyoming,14511010.10537219,631347.5495120063,129505849.4558649,2502.3639639475227
2030,Wyoming,14833586.327517629,635550.5725405943,132078816.50544167,2555.220907310365
2031,Wyoming,15156162.549663186,639753.595569184,134651783.55501842,2608.077850673226
2032,Wyoming,15478738.771808624,643956.618597772,137224750.60459518,2660.934794036069
2033,Wyoming,15801314.993954062,648159.6416263618,139797717.65417194,2713.7917373989076
2034,Wyoming,16123891.2160995,652362.6646549497,142370684.7037487,2766.6486807617516
2035,Wyoming,16446467.438244939,656565.6876835395,144943651.75332546,2819.5056241245893
2036,Wyoming,16769043.660390377,660768.7107121274,147516618.80290222,2872.3625674874334
2037,Wyoming,17091619.882535815,664971.7337407153,150089585.85247898,2925.219510850276
2038,Wyoming,17414196.104681253,669174.7567693051,152662552.90205574,2978.0764542131146
2039,Wyoming,17736772.32682669,673377.779797893,155235519.9516325,3030.9333975759578
2040,Wyoming,18059348.54897213,677580.8028264828,157808487.00120926,3083.790340938797
